year,region_name,gdp_cap,population,ed_superior,ed_superior_cap,agropecuario,pesca,mineria,industria_m,electricidad,construccion,comercio,transporte,servicios_financieros,vivienda,personales,publica,id,growth_rate
1985,I De Tarapacá,2212588.545,,,,0.009878871,0.109208753,0.05723552,0.153727046,0.017591335,0.05876043,0.090433507,0.085299784,0.041655777,0.067400923,0.123342542,0.125411606,1.0,
1986,I De Tarapacá,2273234.037,,,,0.009902897,0.127264856,0.060958855,0.145300118,0.017266201,0.069914696,0.087142897,0.088117643,0.042978968,0.065054841,0.11992951,0.121846616,1.0,
1987,I De Tarapacá,2268484.676,,,,0.009902625,0.083249847,0.047445658,0.145347809,0.018076866,0.09525417,0.100225137,0.087799174,0.047528642,0.064671013,0.119737312,0.120034902,1.0,
1988,I De Tarapacá,2275506.186,,,,0.010086288,0.072526493,0.051224446,0.151336117,0.016154413,0.08422622,0.102094498,0.086618209,0.051466467,0.064217131,0.118528238,0.126855145,1.0,
1989,I De Tarapacá,2446640.978,,,,0.009318163,0.088219914,0.062924316,0.146502579,0.015184931,0.054298257,0.108763346,0.096534556,0.054858649,0.059683918,0.109517932,0.116223534,1.0,
1990,I De Tarapacá,2371225.095,,,,0.009493507,0.055771114,0.078358213,0.134422239,0.013039402,0.066386092,0.121625712,0.092077451,0.056702332,0.061299438,0.112502325,0.114758446,1.0,
1991,I De Tarapacá,2445160.797,,,,0.00820585,0.057992583,0.079909075,0.132029112,0.013710725,0.060696236,0.126774962,0.089073001,0.06250157,0.059277564,0.112570956,0.108831343,1.0,
1992,I De Tarapacá,2707395.055,,,,0.008119467,0.064250211,0.071399527,0.143441977,0.013434951,0.075577915,0.123265433,0.090203417,0.061554286,0.053351097,0.10542721,0.09739364,1.0,
1993,I De Tarapacá,2632904.971,,,,0.008948693,0.050908048,0.059904484,0.144086769,0.014213967,0.083207737,0.126494479,0.092384131,0.065644767,0.055379842,0.107325749,0.094897553,1.0,
1994,I De Tarapacá,2989723.089,,,,0.008457406,0.049443445,0.089686336,0.145086901,0.015339851,0.068604516,0.13131383,0.083955787,0.060009405,0.049204976,0.098062651,0.084760197,1.0,
1995,I De Tarapacá,3304344.478,,,,0.007532754,0.040223187,0.145865233,0.120080789,0.014961902,0.07939905,0.135668978,0.085347709,0.058666238,0.044872536,0.090955509,0.07456613,1.0,
1996,I De Tarapacá,3450438.748,,,,0.007241771,0.030593151,0.176692188,0.10228626,0.016097127,0.10471488,0.136871289,0.079754892,0.058240529,0.04319699,0.088385634,0.072807576,1.0,
1997,I De Tarapacá,3792185.278,,,,0.006688993,0.033909344,0.162350754,0.106759072,0.016296628,0.123109806,0.140130601,0.078127112,0.054684728,0.039810131,0.082958529,0.065542243,1.0,
1998,I De Tarapacá,3729665.489,,,,0.006857581,0.006908562,0.21282508,0.116851885,0.01899189,0.074810929,0.151550631,0.079209619,0.055487141,0.040863015,0.083306694,0.067116481,1.0,
1999,I De Tarapacá,3890721.842,,,,0.006363733,0.022528847,0.389298531,0.08487273,0.029287007,0.05819582,0.123347258,0.07420412,0.050936837,0.039380522,0.080927356,0.064990525,1.0,
2000,I De Tarapacá,3830850.166,,,,0.006424209,0.025167177,0.391415048,0.080170441,0.02799803,0.051297499,0.128247078,0.078740298,0.05176842,0.039944779,0.082559938,0.065993966,1.0,
2001,I De Tarapacá,3746636.997,,,,0.00640084,0.02064298,0.400341606,0.075610731,0.023478921,0.045380134,0.135729522,0.081291708,0.052535529,0.04119675,0.083630968,0.068521227,1.0,
2002,I De Tarapacá,3786813.58,,,,0.006352778,0.032967957,0.392441869,0.078983305,0.021159099,0.048108915,0.126785057,0.078437004,0.053423139,0.041157759,0.085981294,0.068411573,1.0,
2003,I De Tarapacá,4177360.727,,,,0.005913541,0.024734257,0.352627691,0.072030546,0.017013408,0.094758545,0.139291516,0.076306935,0.049138675,0.037648761,0.078566593,0.061867318,1.0,
2004,I De Tarapacá,4287525.428,,,,0.006564459,0.037937712,0.38163471,0.076128001,0.016372154,0.05188725,0.135333916,0.07712321,0.049888278,0.037202123,0.07870659,0.061414697,1.0,
2005,I De Tarapacá,4176240.237,,18483.0,,0.006335965,0.029180702,0.353346855,0.080923309,0.016327862,0.046826922,0.153230664,0.084283669,0.054936324,0.039010034,0.082777265,0.064818656,1.0,
2006,I De Tarapacá,4395834.778,,20958.0,,0.005673093,0.028742306,0.358199305,0.077191515,0.019693032,0.038734194,0.165581522,0.083160274,0.053966927,0.037715369,0.079489162,0.063242009,1.0,
2007,I De Tarapacá,4665243.321,,20162.0,,0.005575819,0.034803592,0.337418678,0.081283876,0.020573262,0.046761055,0.179142585,0.077191115,0.055604674,0.036612807,0.075804169,0.061398969,1.0,
2008,I De Tarapacá,4704361.129,487649.0,22244.0,0.045614776,0.005472353,0.034788283,0.33287418,0.07225128,0.019909532,0.056348152,0.182122483,0.078765883,0.055490291,0.037231967,0.07549485,0.061717632,1.0,
2009,I De Tarapacá,4567302.101,493573.0,24779.0,0.050203313,0.005898069,0.027754551,0.339563509,0.053564814,0.023050201,0.060374476,0.181421969,0.080385149,0.0548233,0.039225976,0.080508469,0.065408861,1.0,
2010,I De Tarapacá,4574016.349,499491.0,27224.0,0.054503485,,,,,,,,,,,,,1.0,
2011,I De Tarapacá,4467555.905,504916.0,29694.0,0.058809782,,,,,,,,,,,,,1.0,
2012,I De Tarapacá,3875057.322,510323.0,29020.0,0.056865946,,,,,,,,,,,,,1.0,
2013,I De Tarapacá,4232041.253,515736.0,30922.0,0.059957032,,,,,,,,,,,,,1.0,
2014,I De Tarapacá,4522916.21,521158.0,31897.0,0.061204088,,,,,,,,,,,,,1.0,
2015,I De Tarapacá,4513873.5,,32687.0,,,,,,,,,,,,,,1.0,
2016,I De Tarapacá,4344830.677918767,,,,,,,,,,,,,,,,,-3.7449614412374044
2017,I De Tarapacá,4448527.544791744,,,,,,,,,,,,,,,,,2.3866722217734226
2018,I De Tarapacá,4567286.588489489,,,,,,,,,,,,,,,,,2.6696259043463844
2019,I De Tarapacá,4577720.154862311,,,,,,,,,,,,,,,,,0.22844124559902035
2020,I De Tarapacá,4240457.636303854,,,,,,,,,,,,,,,,,-7.367477852490101
2021,I De Tarapacá,4606421.417087465,,,,,,,,,,,,,,,,,8.630289751051468
2022,I De Tarapacá,4638136.863705096,,,,,,,,,,,,,,,,,0.6885051050688373
2023,I De Tarapacá,4673782.32034103,,,,,,,,,,,,,,,,,0.7685296420394838
1985,II De Antofagasta,3040334.167,,,,0.00105621,0.010953361,0.573017021,0.056710006,0.011742228,0.04460887,0.045591222,0.063108171,0.036983479,0.058415002,0.078560434,0.059527405,2.0,
1986,II De Antofagasta,3042240.571,,,,0.001022501,0.018231286,0.545803236,0.059585264,0.012699477,0.069361136,0.047753355,0.060680344,0.038863644,0.057679771,0.080477505,0.059652095,2.0,
1987,II De Antofagasta,2985553.294,,,,0.001069995,0.019143191,0.525323272,0.064021927,0.013240863,0.079471742,0.05197889,0.062632134,0.042079407,0.058151726,0.08344908,0.058294276,2.0,
1988,II De Antofagasta,3175481.006,,,,0.001035967,0.01709226,0.523949009,0.064090254,0.022428531,0.071247335,0.051022772,0.061077462,0.043254274,0.054314135,0.080178448,0.054153,2.0,
1989,II De Antofagasta,3662684.373,,,,0.000919002,0.016771446,0.533894914,0.054378578,0.02144163,0.096447421,0.0452844,0.063585961,0.044162651,0.046917321,0.072983015,0.047487142,2.0,
1990,II De Antofagasta,3639065.779,,,,0.000924048,0.01376219,0.540409187,0.054687232,0.02389405,0.083558833,0.045932087,0.06330827,0.043889881,0.04705646,0.075363883,0.04436408,2.0,
1991,II De Antofagasta,4014896.526,,,,0.000882461,0.00761748,0.587117723,0.052271516,0.02844499,0.032961613,0.043876151,0.057710579,0.045981012,0.042289535,0.068671976,0.038837449,2.0,
1992,II De Antofagasta,3981062.829,,,,0.000830122,0.010523448,0.556692819,0.06060564,0.031450956,0.035188142,0.051218426,0.063979146,0.050866543,0.042274745,0.071039524,0.039362186,2.0,
1993,II De Antofagasta,4032681.094,,,,0.000799625,0.013012908,0.54619507,0.062920895,0.031781957,0.051442149,0.05074687,0.064086242,0.051969892,0.041893155,0.069290566,0.036499033,2.0,
1994,II De Antofagasta,4314837.015,,,,0.000704026,0.015607389,0.540315824,0.059751838,0.031126952,0.081081337,0.049272394,0.061155812,0.052136232,0.039286287,0.065003078,0.033667836,2.0,
1995,II De Antofagasta,4462606.062,,,,0.000666404,0.01302516,0.541181664,0.0566014,0.03525073,0.066166913,0.048893328,0.068880843,0.055837746,0.038064958,0.064807558,0.032330467,2.0,
1996,II De Antofagasta,5373130.343,,,,0.000547195,0.007295662,0.568712043,0.048544939,0.031732265,0.095191966,0.046006188,0.05803161,0.049698569,0.031963411,0.055868246,0.026774539,2.0,
1997,II De Antofagasta,5918823.562,,,,0.000506951,0.006876198,0.598958312,0.04763937,0.033270851,0.075552182,0.046451336,0.052628548,0.047818146,0.029548343,0.052029289,0.024127369,2.0,
1998,II De Antofagasta,6529126.694,,,,0.000468765,0.004533723,0.589184125,0.042842982,0.033021928,0.105857765,0.042545134,0.049202439,0.044529608,0.027180335,0.047947579,0.022048956,2.0,
1999,II De Antofagasta,6293105.499,,,,0.000476094,0.005970944,0.627124855,0.044098579,0.03261553,0.064894028,0.040196565,0.047658899,0.044898875,0.028490945,0.049781663,0.022654793,2.0,
2000,II De Antofagasta,6067686.89,,,,0.000489922,0.005869176,0.626360487,0.045375869,0.031722553,0.056618308,0.040603516,0.054589403,0.046318471,0.029600993,0.051649897,0.023242041,2.0,
2001,II De Antofagasta,6870317.9,,,,0.000444513,0.00477614,0.584782771,0.039763517,0.028875768,0.127555974,0.036250261,0.049730983,0.039982844,0.026312645,0.045955474,0.020792451,2.0,
2002,II De Antofagasta,6537761.19,,,,0.00047427,0.006178325,0.602338769,0.042178085,0.030633312,0.093825338,0.038728661,0.054993395,0.041398743,0.027864492,0.048390725,0.02253686,2.0,
2003,II De Antofagasta,6853915.314,,,,0.000462639,0.004841786,0.613960835,0.04197387,0.032620595,0.08481709,0.038420605,0.053217568,0.040319334,0.026767426,0.048197204,0.021835106,2.0,
2004,II De Antofagasta,7044172.804,,,,0.000373485,0.006518047,0.619361205,0.042180962,0.037654747,0.072299018,0.039236676,0.054556213,0.041662868,0.02636566,0.04640387,0.02116983,2.0,
2005,II De Antofagasta,7076241.977,,22667.0,,0.000438768,0.003853582,0.584998844,0.044348711,0.03572823,0.105744854,0.041082503,0.054013615,0.044871576,0.026759609,0.045968495,0.02126117,2.0,
2006,II De Antofagasta,7108266.229,,24408.0,,0.000459924,0.004843687,0.562678835,0.041306663,0.037467898,0.121013326,0.041757168,0.055697105,0.046063269,0.027218234,0.048491872,0.021871117,2.0,
2007,II De Antofagasta,7257532.36,,25778.0,,0.000437873,0.005042616,0.580711043,0.046501202,0.034495588,0.092754533,0.042355443,0.058668752,0.049004255,0.027357739,0.050401077,0.021993735,2.0,
2008,II De Antofagasta,7093952.322,561604.0,28183.0,0.050183047,0.000425202,0.005142832,0.535425272,0.038961173,0.032849213,0.134083854,0.044248834,0.062106299,0.051235545,0.028697347,0.054070892,0.022966161,2.0,
2009,II De Antofagasta,6880993.681,568432.0,28596.0,0.050306809,0.000450481,0.004380299,0.542679471,0.037025068,0.038630385,0.119333421,0.044115154,0.06137506,0.050624627,0.030261977,0.056589278,0.024540207,2.0,
2010,II De Antofagasta,7083307.259,575268.0,31335.0,0.054470264,,,,,,,,,,,,,2.0,
2011,II De Antofagasta,6859709.53,581701.0,34041.0,0.058519755,,,,,,,,,,,,,2.0,
2012,II De Antofagasta,7034537.837,588130.0,35461.0,0.060294493,,,,,,,,,,,,,2.0,
2013,II De Antofagasta,6924642.214,594555.0,37055.0,0.062323923,,,,,,,,,,,,,2.0,
2014,II De Antofagasta,7690985.421,600983.0,38606.0,0.06423809,,,,,,,,,,,,,2.0,
2015,II De Antofagasta,7153272.645,,41493.0,,,,,,,,,,,,,,2.0,
2016,II De Antofagasta,6700264.217538236,,,,,,,,,,,,,,,,,-6.332883561741609
2017,II De Antofagasta,6399944.213518421,,,,,,,,,,,,,,,,,-4.482211361661137
2018,II De Antofagasta,6633139.4989423845,,,,,,,,,,,,,,,,,3.643708095632947
2019,II De Antofagasta,6394009.927579932,,,,,,,,,,,,,,,,,-3.6050737573147806
2020,II De Antofagasta,6060603.886184064,,,,,,,,,,,,,,,,,-5.214349761293835
2021,II De Antofagasta,5913465.57821385,,,,,,,,,,,,,,,,,-2.427782952547597
2022,II De Antofagasta,5867530.255845316,,,,,,,,,,,,,,,,,-0.776791912643704
2023,II De Antofagasta,5967319.607354585,,,,,,,,,,,,,,,,,1.7007045069747706
1985,III De Atacama,1363779.123,,,,0.022676311,0.011466546,0.445416842,0.055772613,0.016912799,0.069969928,0.045636784,0.070839004,0.078151031,0.093886184,0.162613321,0.127540175,3.0,
1986,III De Atacama,1346225.131,,,,0.027016764,0.01475296,0.408021813,0.074632015,0.019367913,0.072008707,0.043343563,0.070040213,0.082443467,0.093722347,0.161441321,0.13085173,3.0,
1987,III De Atacama,1438900.308,,,,0.039333411,0.016505382,0.379462285,0.067986586,0.017978102,0.059826201,0.049943123,0.060303168,0.079007731,0.086436183,0.153494565,0.116710487,3.0,
1988,III De Atacama,1492999.765,,,,0.038049392,0.020433619,0.359126803,0.077200175,0.018108301,0.06938948,0.0517193,0.068373492,0.084289766,0.082470551,0.146807211,0.113210547,3.0,
1989,III De Atacama,1622844.637,,,,0.048369058,0.020175655,0.395995297,0.078809942,-0.045579033,0.083501302,0.056642359,0.074126376,0.085355617,0.075329622,0.133382261,0.101728609,3.0,
1990,III De Atacama,1660204.73,,,,0.041233912,0.019547079,0.427336339,0.065595374,-0.048084181,0.087209868,0.060751396,0.081813375,0.083567637,0.072515762,0.129991696,0.092165829,3.0,
1991,III De Atacama,1936902.442,,,,0.047293137,0.01434904,0.401165175,0.049943027,-0.010923573,0.086241614,0.05890626,0.07330476,0.08633992,0.062528227,0.1140388,0.079519597,3.0,
1992,III De Atacama,2167088.76,,,,0.039148266,0.014160388,0.40295602,0.040419164,0.01694372,0.091477037,0.061504785,0.070823874,0.090378469,0.056172606,0.10828674,0.073851663,3.0,
1993,III De Atacama,2362437.118,,,,0.035383417,0.019461251,0.381319962,0.041720555,0.015754088,0.140437316,0.061018581,0.066071481,0.088089878,0.052415885,0.102575573,0.063871932,3.0,
1994,III De Atacama,2662140.755,,,,0.032675677,0.023960499,0.385772529,0.040977015,0.014903101,0.15082914,0.060092737,0.070191798,0.08459611,0.047282402,0.092867901,0.058214809,3.0,
1995,III De Atacama,2997626.674,,,,0.030013617,0.019281634,0.443681864,0.046046382,0.016052662,0.118294866,0.057615207,0.064780932,0.085591944,0.042638973,0.084193819,0.051738637,3.0,
1996,III De Atacama,3375951.394,,,,0.03761843,0.013819437,0.461145746,0.030181955,0.035596292,0.065928981,0.059638838,0.057313537,0.080554657,0.038729448,0.078424224,0.048580409,3.0,
1997,III De Atacama,3503679.138,,,,0.035514529,0.012524075,0.474804848,0.030007537,0.039633634,0.065508013,0.05846575,0.058933924,0.081914446,0.038443291,0.079702218,0.046340289,3.0,
1998,III De Atacama,3679206.688,,,,0.033915934,0.010087344,0.483443211,0.023374427,0.045222702,0.079521744,0.051625349,0.051669676,0.079409262,0.037562606,0.076426188,0.043717122,3.0,
1999,III De Atacama,3576795.216,,,,0.037814798,0.01074854,0.509208919,0.021052121,0.04500946,0.057397864,0.050011852,0.047741159,0.078173261,0.039457759,0.078306388,0.045416493,3.0,
2000,III De Atacama,3475383.494,,,,0.037672018,0.011062214,0.494482324,0.022821075,0.038987066,0.061454971,0.053177456,0.052123664,0.082521147,0.041147572,0.081200185,0.046982959,3.0,
2001,III De Atacama,3603806.061,,,,0.035566899,0.011578978,0.481103254,0.023404173,0.038002397,0.076613739,0.053401649,0.050669864,0.079686135,0.040314834,0.082086801,0.045949981,3.0,
2002,III De Atacama,3437031.251,,,,0.03740129,0.013261345,0.424516253,0.0249409,0.041490758,0.092345215,0.05640572,0.05578437,0.083344228,0.042990075,0.087794716,0.048648864,3.0,
2003,III De Atacama,3485424.826,,,,0.039901961,0.020992243,0.435937298,0.026524456,0.044895497,0.068405516,0.055230554,0.055992243,0.08195432,0.043072614,0.08848524,0.04859513,3.0,
2004,III De Atacama,3477742.208,,,,0.039538445,0.021526094,0.410429568,0.028051003,0.044777447,0.074237591,0.061173841,0.061182413,0.088796208,0.044079842,0.088511165,0.048667317,3.0,
2005,III De Atacama,3527575.073,,5299.0,,0.041760244,0.022412488,0.399592557,0.02934719,0.039427358,0.068473632,0.066682813,0.061919531,0.09838386,0.044678187,0.090073541,0.049605034,3.0,
2006,III De Atacama,3853553.947,,5932.0,,0.041536191,0.019630363,0.407339872,0.027733333,0.039215262,0.082541747,0.063918422,0.059922966,0.094164489,0.041793057,0.086106766,0.046903133,3.0,
2007,III De Atacama,4126747.22,,6225.0,,0.041091258,0.018041055,0.38471455,0.028496426,0.024558333,0.132299599,0.062993586,0.057915566,0.094603401,0.040048458,0.08097813,0.045292478,3.0,
2008,III De Atacama,4266409.867,276480.0,6989.0,0.025278501,0.040132183,0.023167627,0.359518709,0.029374089,0.019446802,0.157269937,0.062872538,0.057576572,0.096107333,0.03965998,0.08067553,0.045203492,3.0,
2009,III De Atacama,4247214.692,278515.0,7736.0,0.027775883,0.039048518,0.019482413,0.347580084,0.026794025,0.026273276,0.167073994,0.060874299,0.062712981,0.089900103,0.040756167,0.083523471,0.046207963,3.0,
2010,III De Atacama,4850418.652,280543.0,8148.0,0.029043676,,,,,,,,,,,,,3.0,
2011,III De Atacama,5909337.604,282575.0,9037.0,0.03198089,,,,,,,,,,,,,3.0,
2012,III De Atacama,5981219.701,284607.0,9905.0,0.034802377,,,,,,,,,,,,,3.0,
2013,III De Atacama,6022891.77,286642.0,9856.0,0.034384354,,,,,,,,,,,,,3.0,
2014,III De Atacama,5513909.209,288671.0,12637.0,0.043776479,,,,,,,,,,,,,3.0,
2015,III De Atacama,4769027.312,,11380.0,,,,,,,,,,,,,,3.0,
2016,III De Atacama,4897581.2971945405,,,,,,,,,,,,,,,,,2.69560178175261
2017,III De Atacama,4843321.91216875,,,,,,,,,,,,,,,,,-1.1078812526679638
2018,III De Atacama,4688803.617578522,,,,,,,,,,,,,,,,,-3.1903370742713433
2019,III De Atacama,4394338.304185696,,,,,,,,,,,,,,,,,-6.280180135693114
2020,III De Atacama,4368311.439702322,,,,,,,,,,,,,,,,,-0.5922817653475465
2021,III De Atacama,4929371.386131276,,,,,,,,,,,,,,,,,12.843863222059726
2022,III De Atacama,4908163.020334895,,,,,,,,,,,,,,,,,-0.4302448351944155
2023,III De Atacama,4996987.410645527,,,,,,,,,,,,,,,,,1.8097277931198752
1985,IV De Coquimbo,898118.5455,,,,0.05981811,0.008425254,0.1218745,0.061350192,0.044343499,0.101948086,0.078343205,0.070875675,0.049711259,0.152684118,0.21953721,0.127860342,4.0,
1986,IV De Coquimbo,937080.7068,,,,0.066288351,0.008378347,0.120067138,0.058603063,0.029294937,0.108945122,0.077324395,0.073742557,0.049681938,0.144543835,0.210712794,0.125272648,4.0,
1987,IV De Coquimbo,934045.4274,,,,0.072002829,0.009952458,0.111873937,0.060802305,0.03663445,0.098340491,0.078344358,0.071997014,0.053617583,0.143461033,0.206735993,0.119335958,4.0,
1988,IV De Coquimbo,1103444.862,,,,0.070537483,0.01083998,0.12523629,0.065899267,0.034322318,0.092368931,0.078403368,0.068363247,0.050142267,0.120656058,0.174276211,0.100137973,4.0,
1989,IV De Coquimbo,1154877.146,,,,0.073510356,0.008266693,0.114978438,0.067906994,0.027722241,0.127019467,0.084280603,0.070550413,0.053913809,0.11482752,0.161603919,0.094727167,4.0,
1990,IV De Coquimbo,1166699.596,,,,0.076772703,0.011404878,0.113501318,0.063081327,0.027091983,0.115387957,0.082976593,0.082856064,0.052834214,0.11329966,0.15601128,0.092861136,4.0,
1991,IV De Coquimbo,1216277.43,,,,0.083006174,0.012222484,0.108910037,0.064703738,0.030604807,0.098566194,0.084948528,0.078848069,0.060743144,0.107906068,0.153271512,0.085356985,4.0,
1992,IV De Coquimbo,1337715.448,,,,0.084994219,0.010868484,0.099276666,0.063351132,0.032138947,0.154727715,0.085274543,0.07576408,0.065507053,0.097380382,0.142118383,0.080830465,4.0,
1993,IV De Coquimbo,1288123.541,,,,0.08501977,0.011693254,0.086412517,0.065947964,0.031783392,0.164175699,0.091447002,0.08277581,0.073134068,0.101680092,0.152225038,0.082140816,4.0,
1994,IV De Coquimbo,1379996.361,,,,0.083523929,0.01755797,0.09410933,0.060227936,0.028884659,0.147604764,0.093525225,0.0820294,0.072846598,0.095386173,0.149397569,0.078695814,4.0,
1995,IV De Coquimbo,1451460.514,,,,0.080261679,0.016788864,0.098494613,0.060451244,0.029158404,0.139440679,0.098479946,0.084826743,0.078144048,0.091038595,0.145283096,0.075405824,4.0,
1996,IV De Coquimbo,1484469.464,,,,0.074354438,0.020127947,0.091424305,0.065118758,0.032172651,0.152377038,0.101523692,0.099813973,0.081482197,0.090104803,0.145966395,0.073178395,4.0,
1997,IV De Coquimbo,1499888.141,,,,0.077424307,0.021955514,0.080307322,0.067032729,0.037679528,0.160200186,0.099847261,0.100221013,0.084207535,0.090935089,0.149860001,0.072432532,4.0,
1998,IV De Coquimbo,1593063.082,,,,0.074513171,0.015739927,0.062550356,0.062594075,0.034028466,0.208076793,0.097606785,0.097738948,0.082125387,0.086986443,0.141871844,0.067709215,4.0,
1999,IV De Coquimbo,1655250.746,,,,0.072949278,0.017001528,0.068181883,0.058787464,0.032088118,0.219587062,0.09398564,0.09503995,0.078082748,0.084682583,0.138143245,0.064039158,4.0,
2000,IV De Coquimbo,1844675.624,,,,0.07383281,0.013722317,0.191298138,0.052796489,0.030226962,0.12920403,0.082723144,0.092711231,0.073994573,0.07661004,0.129133472,0.056971251,4.0,
2001,IV De Coquimbo,1805351.405,,,,0.07222889,0.011601582,0.226545496,0.054261484,0.030710205,0.082863491,0.086564815,0.096103906,0.074192702,0.078650866,0.137004347,0.057919386,4.0,
2002,IV De Coquimbo,1748374.138,,,,0.079526016,0.014271464,0.196357339,0.057321036,0.032062253,0.081202759,0.092218976,0.100304051,0.079902444,0.08170117,0.145148817,0.059573324,4.0,
2003,IV De Coquimbo,1810047.341,,,,0.080799807,0.022012993,0.186541004,0.058535443,0.032078982,0.08656255,0.090085176,0.097885398,0.07983707,0.079346296,0.146643844,0.057135797,4.0,
2004,IV De Coquimbo,1866105.454,,,,0.0750474,0.019554374,0.18680394,0.061356563,0.024711904,0.092633115,0.09525473,0.098384018,0.08155165,0.077784915,0.148049419,0.056228417,4.0,
2005,IV De Coquimbo,1907523.777,,23262.0,,0.081637979,0.014153413,0.16442043,0.060535198,0.027038159,0.108381373,0.098003305,0.097679457,0.08519952,0.077460969,0.149730153,0.055726999,4.0,
2006,IV De Coquimbo,1951701.704,,25841.0,,0.073640836,0.018067333,0.161056677,0.056690413,0.026025964,0.112156397,0.099317533,0.096397995,0.090279207,0.077348993,0.152538073,0.055155534,4.0,
2007,IV De Coquimbo,2035238.396,,27823.0,,0.074583259,0.017801436,0.146186989,0.05554071,0.021979922,0.138206566,0.099409096,0.094276732,0.095029117,0.076114465,0.147212318,0.054204566,4.0,
2008,IV De Coquimbo,2161064.614,698018.0,28988.0,0.041529015,0.068900642,0.022151702,0.155919075,0.05601268,0.018292141,0.152029683,0.099328985,0.088427153,0.089482533,0.073564995,0.143567422,0.052165053,4.0,
2009,IV De Coquimbo,2050787.09,708369.0,30558.0,0.043138534,0.069762527,0.021603013,0.146066604,0.056564472,0.025082707,0.128011432,0.101314505,0.092773251,0.092630759,0.079287458,0.152024418,0.055672348,4.0,
2010,IV De Coquimbo,2204451.822,718717.0,34414.0,0.047882546,,,,,,,,,,,,,4.0,
2011,IV De Coquimbo,2445441.48,728934.0,37040.0,0.050813928,,,,,,,,,,,,,4.0,
2012,IV De Coquimbo,2411177.159,739153.0,39098.0,0.052895679,,,,,,,,,,,,,4.0,
2013,IV De Coquimbo,2365984.049,749374.0,39370.0,0.052537184,,,,,,,,,,,,,4.0,
2014,IV De Coquimbo,2530956.405,759591.0,40685.0,0.053561719,,,,,,,,,,,,,4.0,
2015,IV De Coquimbo,2479619.722,,41433.0,,,,,,,,,,,,,,4.0,
2016,IV De Coquimbo,2480571.6074862187,,,,,,,,,,,,,,,,,0.0383883656745132
2017,IV De Coquimbo,2481262.455951942,,,,,,,,,,,,,,,,,0.027850373826687758
2018,IV De Coquimbo,2569151.1236344804,,,,,,,,,,,,,,,,,3.542094770011728
2019,IV De Coquimbo,2575163.8981850557,,,,,,,,,,,,,,,,,0.2340374022867575
2020,IV De Coquimbo,2409066.0023016785,,,,,,,,,,,,,,,,,-6.4499931829753
2021,IV De Coquimbo,2566060.079652118,,,,,,,,,,,,,,,,,6.516802661298771
2022,IV De Coquimbo,2527177.8777115033,,,,,,,,,,,,,,,,,-1.515249087460413
2023,IV De Coquimbo,2584174.6510915942,,,,,,,,,,,,,,,,,2.2553526557340886
1985,IX De La Araucanía,673583.3225,,,,0.12219171,0.001066132,0.006808629,0.09023695,0.016072161,0.092518405,0.065345451,0.044265702,0.065121817,0.158801409,0.284027216,0.141249262,10.0,
1986,IX De La Araucanía,666353.6976,,,,0.127968752,0.000598314,0.004205652,0.090334426,0.016373215,0.085792458,0.065183048,0.042799671,0.072021842,0.158169642,0.279783809,0.146310224,10.0,
1987,IX De La Araucanía,742371.1616,,,,0.14727696,0.000608326,0.004178264,0.091628371,0.015222891,0.082991488,0.069417928,0.039398661,0.071145007,0.14003358,0.24743845,0.125444702,10.0,
1988,IX De La Araucanía,816802.4166,,,,0.149761862,0.001105842,0.004655696,0.090505065,0.014727236,0.105533691,0.069718215,0.038964488,0.070891799,0.126054379,0.224255927,0.118072363,10.0,
1989,IX De La Araucanía,862114.943,,,,0.145129528,0.001590888,0.003768196,0.100562376,0.013558105,0.106794742,0.074557311,0.041393959,0.075239355,0.118688579,0.203276326,0.111473125,10.0,
1990,IX De La Araucanía,864509.9733,,,,0.143088756,0.001596443,0.003346818,0.107927949,0.012774128,0.099990618,0.073300455,0.043970016,0.07636123,0.11902411,0.211562846,0.111759143,10.0,
1991,IX De La Araucanía,877330.2076,,,,0.134799493,0.001738917,0.003039667,0.116005793,0.014683974,0.095774636,0.072510391,0.051034753,0.083731538,0.11635639,0.213846148,0.109548194,10.0,
1992,IX De La Araucanía,983839.762,,,,0.114652217,0.002213963,0.003525281,0.162438488,0.01516707,0.102036591,0.073353101,0.054156344,0.085095788,0.102869618,0.198612298,0.103007787,10.0,
1993,IX De La Araucanía,1060657.943,,,,0.11641574,0.001523664,0.004019509,0.158844139,0.015137961,0.12310641,0.073693577,0.052886972,0.083150895,0.095798051,0.185250971,0.093384396,10.0,
1994,IX De La Araucanía,1062027.929,,,,0.10911528,0.001535149,0.004776582,0.147239025,0.015961232,0.136193651,0.074766101,0.057798301,0.088488757,0.095997649,0.19210951,0.092679206,10.0,
1995,IX De La Araucanía,1157994.673,,,,0.107835506,0.00154814,0.004651343,0.151090736,0.015943344,0.132991706,0.080907121,0.060811048,0.091421567,0.08821694,0.179588151,0.086243231,10.0,
1996,IX De La Araucanía,1185054.922,,,,0.098200517,0.000975028,0.004854666,0.152977226,0.017824711,0.135129105,0.082366212,0.072625027,0.095016095,0.087700503,0.182524879,0.088819189,10.0,
1997,IX De La Araucanía,1251834.324,,,,0.095923442,0.000803606,0.004882578,0.147290105,0.017694,0.135275843,0.084933881,0.077538276,0.09710791,0.085069541,0.184619447,0.086049322,10.0,
1998,IX De La Araucanía,1274811.494,,,,0.088983546,0.000488512,0.004786367,0.13698833,0.017887941,0.149310959,0.08388375,0.08197936,0.096567185,0.085278614,0.184233667,0.086250483,10.0,
1999,IX De La Araucanía,1249530.687,,,,0.089812653,0.000343908,0.004903044,0.137576959,0.019467039,0.140148158,0.079450982,0.084195393,0.095828613,0.088421223,0.18976726,0.089592002,10.0,
2000,IX De La Araucanía,1321527.191,,,,0.090261688,0.000406396,0.004719721,0.134807882,0.018270808,0.152045892,0.079530227,0.085026924,0.093511178,0.084889606,0.186052464,0.084857564,10.0,
2001,IX De La Araucanía,1290709.078,,,,0.10078382,0.00068246,0.00478612,0.131448142,0.019203891,0.118016971,0.081479486,0.094536655,0.09244569,0.087619473,0.200940756,0.087369912,10.0,
2002,IX De La Araucanía,1323491.284,,,,0.099398431,0.001047782,0.004392451,0.128730017,0.019141911,0.122429272,0.08480129,0.097133136,0.088346403,0.086244646,0.19936266,0.08511795,10.0,
2003,IX De La Araucanía,1330396.866,,,,0.103987767,0.000651232,0.004233834,0.136270748,0.019865055,0.101754617,0.088139743,0.097259467,0.090841944,0.086543812,0.20534505,0.085572734,10.0,
2004,IX De La Araucanía,1390708.46,,,,0.105456619,0.000121875,0.003822641,0.149242386,0.019384299,0.097662119,0.093435573,0.096005875,0.091498861,0.083946547,0.197452354,0.082752802,10.0,
2005,IX De La Araucanía,1471543.159,,25452.0,,0.112269762,0.000104608,0.004430103,0.154572275,0.019493625,0.100515651,0.092881476,0.092648121,0.093149945,0.081017636,0.190842649,0.08088011,10.0,
2006,IX De La Araucanía,1527213.466,,26980.0,,0.112952636,0.000286966,0.003973307,0.16556057,0.019774538,0.097212371,0.092138104,0.091212123,0.09635884,0.079767884,0.183148757,0.078355516,10.0,
2007,IX De La Araucanía,1605685.193,,26608.0,,0.106618427,0.00025951,0.003920313,0.174158206,0.01466429,0.108329612,0.090235048,0.09080676,0.102191608,0.077859583,0.175863463,0.077440678,10.0,
2008,IX De La Araucanía,1623571.163,953835.0,28756.0,0.030147772,0.104573817,0.000486885,0.004276714,0.167004925,0.014504536,0.105546942,0.091874115,0.093028046,0.104883771,0.078868334,0.180138562,0.077678887,10.0,
2009,IX De La Araucanía,1563998.254,962120.0,35729.0,0.0371357,0.09729896,0.000243894,0.004786829,0.147247324,0.013703901,0.101891073,0.091785102,0.098455296,0.106202741,0.083751896,0.194225767,0.082901258,10.0,
2010,IX De La Araucanía,1634268.29,970419.0,39354.0,0.040553617,,,,,,,,,,,,,10.0,
2011,IX De La Araucanía,1799076.859,978402.0,43555.0,0.044516467,,,,,,,,,,,,,10.0,
2012,IX De La Araucanía,1854076.071,986397.0,46660.0,0.047303469,,,,,,,,,,,,,10.0,
2013,IX De La Araucanía,2020956.047,994380.0,50304.0,0.050588306,,,,,,,,,,,,,10.0,
2014,IX De La Araucanía,2142243.554,1002367.0,52608.0,0.052483771,,,,,,,,,,,,,10.0,
2015,IX De La Araucanía,2377549.618,,53883.0,,,,,,,,,,,,,,10.0,
2016,IX De La Araucanía,2489496.4688172657,,,,,,,,,,,,,,,,,4.708496931872053
2017,IX De La Araucanía,2523517.0410176697,,,,,,,,,,,,,,,,,1.366564388684055
2018,IX De La Araucanía,2609475.9908269737,,,,,,,,,,,,,,,,,3.4063154086979797
2019,IX De La Araucanía,2641537.931390553,,,,,,,,,,,,,,,,,1.2286735220513822
2020,IX De La Araucanía,2502076.0105116186,,,,,,,,,,,,,,,,,-5.27957290416492
2021,IX De La Araucanía,2798488.4441522066,,,,,,,,,,,,,,,,,11.846659829490092
2022,IX De La Araucanía,2905083.506149351,,,,,,,,,,,,,,,,,3.8090227679834943
2023,IX De La Araucanía,2918184.106539871,,,,,,,,,,,,,,,,,0.4509543482240419
1985,RMS Región Metropolitana de Santiago,1611982.214,,,,0.014844796,5.99e-05,0.012791293,0.207740563,0.02796244,0.065404678,0.125382879,0.068504599,0.235167238,0.141437592,0.197335683,0.086667755,6.0,
1986,RMS Región Metropolitana de Santiago,1700602.393,,,,0.014503181,7.44e-05,0.011544505,0.217778453,0.026203569,0.067060341,0.124605516,0.069103814,0.237236331,0.133073991,0.196222587,0.082336493,6.0,
1987,RMS Región Metropolitana de Santiago,1802065.931,,,,0.01386655,6.59e-05,0.011337673,0.220526414,0.024972274,0.070610998,0.128459182,0.069975454,0.236614439,0.124587531,0.189601158,0.074552669,6.0,
1988,RMS Región Metropolitana de Santiago,1886760.155,,,,0.014423266,7.93e-05,0.012963213,0.224335595,0.023418407,0.077191805,0.126321209,0.071111628,0.24056221,0.118521415,0.186635537,0.069279879,6.0,
1989,RMS Región Metropolitana de Santiago,2062104.762,,,,0.014230213,9.18e-05,0.011501647,0.224875147,0.022523209,0.074357486,0.133369106,0.071632111,0.244755904,0.108373645,0.174188508,0.062654334,6.0,
1990,RMS Región Metropolitana de Santiago,2074566.289,,,,0.015278012,0.000114798,0.011936334,0.224007189,0.020717473,0.079103446,0.133712797,0.074771945,0.240132342,0.107453303,0.171920726,0.060774589,6.0,
1991,RMS Región Metropolitana de Santiago,2230953.495,,,,0.014981056,8.28e-05,0.012620529,0.217509169,0.021814325,0.077740644,0.134943586,0.074870218,0.25125591,0.100271717,0.162935174,0.056992083,6.0,
1992,RMS Región Metropolitana de Santiago,2498846.548,,,,0.014003836,9.17e-05,0.012819009,0.214556204,0.025961585,0.084152033,0.140650431,0.0766401,0.243670666,0.08968653,0.153936689,0.051109782,6.0,
1993,RMS Región Metropolitana de Santiago,2653234.068,,,,0.012874051,7.65e-05,0.013132765,0.215793472,0.023821203,0.09505239,0.140424654,0.077564072,0.240980524,0.085786276,0.147457331,0.049197979,6.0,
1994,RMS Región Metropolitana de Santiago,2682646.165,,,,0.012855099,9.91e-05,0.013838383,0.213817716,0.025228672,0.076673314,0.139770655,0.080225394,0.2498698,0.086212331,0.148595179,0.047866963,6.0,
1995,RMS Región Metropolitana de Santiago,2919796.177,,,,0.011830861,8.94e-05,0.012697108,0.21081494,0.023790054,0.082658694,0.144912674,0.082984703,0.246260442,0.080389556,0.138997051,0.044233302,6.0,
1996,RMS Región Metropolitana de Santiago,3066996.105,,,,0.01159069,1.25e-05,0.011232267,0.208131817,0.018122657,0.079559043,0.149555867,0.084861602,0.246056398,0.077791805,0.139098143,0.041671565,6.0,
1997,RMS Región Metropolitana de Santiago,3263412.132,,,,0.010654718,5.06e-06,0.010465019,0.202893719,0.017064265,0.07829917,0.148111647,0.090164856,0.243842768,0.074844143,0.136395847,0.038721671,6.0,
1998,RMS Región Metropolitana de Santiago,3260828.819,,,,0.010570506,2.13e-06,0.010749862,0.187855012,0.021590875,0.070127894,0.150228621,0.094931178,0.256525863,0.076391301,0.139774042,0.038296037,6.0,
1999,RMS Región Metropolitana de Santiago,3147376.505,,,,0.010647301,4.07e-07,0.011148857,0.189357381,0.019048515,0.060089747,0.146102947,0.099151188,0.259242983,0.080351032,0.145432472,0.039253644,6.0,
2000,RMS Región Metropolitana de Santiago,3248192.088,,,,0.010799736,0.0,0.010815761,0.18989313,0.019556057,0.061565618,0.145623414,0.100571116,0.260990944,0.078442333,0.143849437,0.037927851,6.0,
2001,RMS Región Metropolitana de Santiago,3292347.907,,,,0.011201708,0.0,0.010517934,0.180418342,0.019213929,0.06168407,0.14598381,0.107618481,0.267092796,0.078158327,0.143494608,0.037543836,6.0,
2002,RMS Región Metropolitana de Santiago,3324264.18,,,,0.01155063,0.0,0.010460223,0.176712321,0.019133856,0.062905682,0.143322693,0.110551424,0.270534555,0.078260357,0.143327013,0.037635416,6.0,
2003,RMS Región Metropolitana de Santiago,3405983.454,,,,0.011878804,0.0,0.010480304,0.173445739,0.019594306,0.067537994,0.143360335,0.113280167,0.268726835,0.077170222,0.141432125,0.037140424,6.0,
2004,RMS Región Metropolitana de Santiago,3574594.438,,,,0.01154736,0.0,0.010465624,0.172803449,0.019055474,0.072209044,0.146772292,0.112140986,0.274216729,0.074666099,0.137685276,0.035637104,6.0,
2005,RMS Región Metropolitana de Santiago,3740580.061,,313985.0,,0.011540862,0.0,0.009860313,0.172655645,0.017640555,0.070459356,0.15173114,0.115208086,0.280969943,0.072965115,0.135028838,0.035119904,6.0,
2006,RMS Región Metropolitana de Santiago,3861890.197,,331011.0,,0.0114117,0.0,0.009368758,0.170926365,0.017387288,0.067603133,0.156073973,0.121806802,0.280373609,0.072213062,0.133748722,0.034978636,6.0,
2007,RMS Región Metropolitana de Santiago,4045498.218,,352830.0,,0.010779149,0.0,0.008992046,0.171532641,0.010913429,0.068720947,0.156165691,0.128511304,0.289327327,0.070743437,0.13348584,0.034297924,6.0,
2008,RMS Región Metropolitana de Santiago,4166358.888,6745651.0,368789.0,0.054670631,0.011823886,0.0,0.007375359,0.169001042,0.009330291,0.069545124,0.157417826,0.13408274,0.286498539,0.070381422,0.134458014,0.033719859,6.0,
2009,RMS Región Metropolitana de Santiago,4057539.734,6814630.0,392296.0,0.057566735,0.012090827,0.0,0.006996187,0.159560838,0.010442365,0.06536979,0.154300705,0.140732479,0.287169349,0.07392482,0.140068263,0.036115341,6.0,
2010,RMS Región Metropolitana de Santiago,4259844.647,6883563.0,432261.0,0.062796113,,,,,,,,,,,,,6.0,
2011,RMS Región Metropolitana de Santiago,4669606.681,6945593.0,471689.0,0.067911984,,,,,,,,,,,,,6.0,
2012,RMS Región Metropolitana de Santiago,5105075.358,7007620.0,491949.0,0.070202009,,,,,,,,,,,,,6.0,
2013,RMS Región Metropolitana de Santiago,5479865.188,7069645.0,511716.0,0.072382135,,,,,,,,,,,,,6.0,
2014,RMS Región Metropolitana de Santiago,5754100.011,7131682.0,529671.0,0.074270137,,,,,,,,,,,,,6.0,
2015,RMS Región Metropolitana de Santiago,6235134.091,,540446.0,,,,,,,,,,,,,,6.0,
2016,RMS Región Metropolitana de Santiago,6301037.412758559,,,,,,,,,,,,,,,,,1.056967192633218
2017,RMS Región Metropolitana de Santiago,6251956.47871932,,,,,,,,,,,,,,,,,-0.7789341789950055
2018,RMS Región Metropolitana de Santiago,6297696.768138004,,,,,,,,,,,,,,,,,0.7316156082400216
2019,RMS Región Metropolitana de Santiago,6186081.845014525,,,,,,,,,,,,,,,,,-1.7723133906378807
2020,RMS Región Metropolitana de Santiago,5514432.42269558,,,,,,,,,,,,,,,,,-10.857428646215528
2021,RMS Región Metropolitana de Santiago,6167142.631605167,,,,,,,,,,,,,,,,,11.836398723887665
2022,RMS Región Metropolitana de Santiago,6276287.335335188,,,,,,,,,,,,,,,,,1.7697775169116303
2023,RMS Región Metropolitana de Santiago,6246192.474998236,,,,,,,,,,,,,,,,,-0.47950099683166103
1985,V De Valparaíso,1509445.358,,,,0.032306993,0.002654339,0.068500011,0.378850646,0.033093348,0.068444289,0.05791304,0.054058621,0.07532324,0.097084562,0.136980738,0.113814561,5.0,
1986,V De Valparaíso,1516324.977,,,,0.032506356,0.002741069,0.071201402,0.367003745,0.031626425,0.070270871,0.055594944,0.05631232,0.079704833,0.095921922,0.142005137,0.109172844,5.0,
1987,V De Valparaíso,1543711.036,,,,0.035553507,0.003776595,0.074169723,0.339898783,0.028561148,0.068449686,0.056260603,0.060433052,0.080776184,0.093537498,0.139085534,0.107045018,5.0,
1988,V De Valparaíso,1677514.176,,,,0.038135654,0.005392152,0.077423511,0.342495428,0.041995848,0.062498101,0.053866004,0.058873311,0.080202992,0.085766751,0.130869208,0.096405124,5.0,
1989,V De Valparaíso,1792445.722,,,,0.031881051,0.005997417,0.07770641,0.342262774,0.048875082,0.06730936,0.055389706,0.067321967,0.080875121,0.080223736,0.124586604,0.084768909,5.0,
1990,V De Valparaíso,1815146.326,,,,0.03832534,0.006340154,0.076794371,0.295874814,0.043870911,0.077583584,0.055325102,0.07174169,0.079676294,0.07998143,0.1220734,0.089150527,5.0,
1991,V De Valparaíso,1857004.435,,,,0.034833184,0.007507429,0.082025024,0.297722961,0.032635726,0.06844611,0.059585899,0.073482135,0.08736646,0.078552874,0.121618544,0.087853922,5.0,
1992,V De Valparaíso,1974140.626,,,,0.034833184,0.007507429,0.082025024,0.297722961,0.032635726,0.06844611,0.059585899,0.073482135,0.08736646,0.078552874,0.121618544,0.087853922,5.0,
1993,V De Valparaíso,2095437.408,,,,0.036748849,0.007645081,0.069157707,0.287908084,0.025268367,0.071775099,0.063576603,0.083952322,0.09098464,0.074174855,0.12130415,0.083947256,5.0,
1994,V De Valparaíso,2209425.935,,,,0.033865174,0.00940213,0.069624576,0.290951322,0.035887071,0.097132495,0.065882549,0.07539307,0.09102919,0.068371425,0.115542732,0.077224659,5.0,
1995,V De Valparaíso,2366357.133,,,,0.031819155,0.013310907,0.065918526,0.29544832,0.033630412,0.08946861,0.066513536,0.082326086,0.093203578,0.064706765,0.109890097,0.070005494,5.0,
1996,V De Valparaíso,2397577.174,,,,0.031758647,0.01130631,0.061121483,0.277520108,0.033127879,0.098938282,0.06895377,0.090067676,0.096820159,0.064772796,0.111812636,0.068522535,5.0,
1997,V De Valparaíso,2349482.044,,,,0.031286969,0.006510286,0.063323399,0.257794089,0.031335359,0.10832866,0.069137069,0.094493079,0.106168967,0.067522126,0.118922416,0.070747575,5.0,
1998,V De Valparaíso,2409006.608,,,,0.035977493,0.002804045,0.062804839,0.26422187,0.036753415,0.098393782,0.069633752,0.098487218,0.106191011,0.067026581,0.11650398,0.069701886,5.0,
1999,V De Valparaíso,2452972.054,,,,0.035263678,0.004730286,0.076436608,0.267269717,0.044574722,0.09300733,0.067977697,0.09041979,0.102533946,0.066701121,0.115133429,0.068815074,5.0,
2000,V De Valparaíso,2471878.934,,,,0.040332778,0.002362833,0.073089194,0.27009269,0.040095833,0.081367716,0.067832729,0.100127312,0.104347863,0.066644799,0.117532782,0.068516889,5.0,
2001,V De Valparaíso,2509625.197,,,,0.042335484,0.001799637,0.07040634,0.270153857,0.03320124,0.088670661,0.066674806,0.101731765,0.099156945,0.066024042,0.118842374,0.067910692,5.0,
2002,V De Valparaíso,2530936.573,,,,0.044554118,0.001260297,0.057896425,0.273437348,0.032350524,0.086171982,0.066196771,0.106825251,0.098857395,0.065930336,0.120414341,0.066786275,5.0,
2003,V De Valparaíso,2559768.32,,,,0.047050706,0.00083449,0.056308828,0.26835433,0.03730672,0.076775507,0.067127586,0.113693874,0.097745384,0.065611732,0.121491036,0.065482201,5.0,
2004,V De Valparaíso,2676073.204,,,,0.046529266,0.001156316,0.053645057,0.27446184,0.040836178,0.07835264,0.06595119,0.116201005,0.097499532,0.063499336,0.114945732,0.064565567,5.0,
2005,V De Valparaíso,2768816.292,,81866.0,,0.049208327,0.0010763,0.050516613,0.280698729,0.032592246,0.080622834,0.067902287,0.116622315,0.100019919,0.062540551,0.113913861,0.063876641,5.0,
2006,V De Valparaíso,2893256.309,,86068.0,,0.049562644,0.001023676,0.04671846,0.289625636,0.034202024,0.08616924,0.066860015,0.106149775,0.101190957,0.061153371,0.113399707,0.061936845,5.0,
2007,V De Valparaíso,2864878.654,,90757.0,,0.054284183,0.001061757,0.047566905,0.277695231,0.010313299,0.090589081,0.069679142,0.112931519,0.110242146,0.063377539,0.118102428,0.064148159,5.0,
2008,V De Valparaíso,2972775.005,1720588.0,95713.0,0.055628076,0.055245428,0.001343716,0.042988152,0.275088706,0.01345534,0.101967753,0.069466958,0.112895781,0.107069102,0.06260781,0.115157008,0.062457465,5.0,
2009,V De Valparaíso,2889801.917,1739876.0,100489.0,0.057756415,0.059056301,0.001401182,0.040987514,0.268754312,0.019425418,0.090589366,0.070159154,0.111759052,0.105809248,0.065878637,0.11947162,0.066298892,5.0,
2010,V De Valparaíso,3027451.061,1759167.0,109984.0,0.0625205,,,,,,,,,,,,,5.0,
2011,V De Valparaíso,3259561.144,1777470.0,118911.0,0.066899019,,,,,,,,,,,,,5.0,
2012,V De Valparaíso,3466805.219,1795765.0,120747.0,0.067239867,,,,,,,,,,,,,5.0,
2013,V De Valparaíso,3637480.618,1814079.0,123452.0,0.068052163,,,,,,,,,,,,,5.0,
2014,V De Valparaíso,3809710.573,1832379.0,129038.0,0.070421021,,,,,,,,,,,,,5.0,
2015,V De Valparaíso,4085019.803,,131006.0,,,,,,,,,,,,,,5.0,
2016,V De Valparaíso,4166720.03274289,,,,,,,,,,,,,,,,,1.999995928609466
2017,V De Valparaíso,4184499.21152862,,,,,,,,,,,,,,,,,0.42669482581065843
2018,V De Valparaíso,4147055.1345957983,,,,,,,,,,,,,,,,,-0.8948281512315859
2019,V De Valparaíso,4081557.2027368583,,,,,,,,,,,,,,,,,-1.5793841589550994
2020,V De Valparaíso,3787420.8823551326,,,,,,,,,,,,,,,,,-7.2064730633811696
2021,V De Valparaíso,4133927.5789563637,,,,,,,,,,,,,,,,,9.148882771797018
2022,V De Valparaíso,4314277.350516724,,,,,,,,,,,,,,,,,4.3626737071647215
2023,V De Valparaíso,4287807.151391546,,,,,,,,,,,,,,,,,-0.6135488512811427
1985,VI Del Libertador General Bernardo OHiggins,1426630.966,,,,0.112359425,0.000411467,0.187187545,0.106609933,0.043576577,0.144977999,0.066688433,0.057697161,0.038009441,0.070120906,0.094876277,0.057746847,7.0,
1986,VI Del Libertador General Bernardo OHiggins,1533124.131,,,,0.117719508,0.000127035,0.190529856,0.10116441,0.052529831,0.127701948,0.06844334,0.057733484,0.039561995,0.064379932,0.08649953,0.05432764,7.0,
1987,VI Del Libertador General Bernardo OHiggins,1562733.656,,,,0.120606046,0.000155984,0.19037149,0.100368355,0.059336388,0.108745334,0.06997087,0.056971213,0.043896952,0.062418684,0.089641592,0.051979092,7.0,
1988,VI Del Libertador General Bernardo OHiggins,1559010.832,,,,0.135143223,0.000165683,0.182858515,0.10312571,0.03757614,0.107872608,0.073149577,0.059946074,0.048563169,0.062018298,0.091560333,0.053777379,7.0,
1989,VI Del Libertador General Bernardo OHiggins,1580652.52,,,,0.159294342,0.000229109,0.14648356,0.116351116,0.028621634,0.117274285,0.087928722,0.066454951,0.053938052,0.061566933,0.088977013,0.050736441,7.0,
1990,VI Del Libertador General Bernardo OHiggins,1556307.613,,,,0.159294342,0.000229109,0.14648356,0.116351116,0.028621634,0.117274285,0.087928722,0.066454951,0.053938052,0.061566933,0.088977013,0.050736441,7.0,
1991,VI Del Libertador General Bernardo OHiggins,1579544.642,,,,0.154103972,0.000239827,0.14373139,0.115674745,0.043281442,0.111625159,0.089507654,0.066706873,0.060331005,0.060386344,0.08945145,0.049216642,7.0,
1992,VI Del Libertador General Bernardo OHiggins,1723472.358,,,,0.162684466,0.00037202,0.132191318,0.122707502,0.049915983,0.100037375,0.098534714,0.069296363,0.058698839,0.055038862,0.085502688,0.046890026,7.0,
1993,VI Del Libertador General Bernardo OHiggins,1779286.215,,,,0.172379555,0.000450087,0.123905898,0.130203436,0.044484793,0.097167913,0.101805134,0.06745094,0.059615248,0.053689608,0.083274527,0.045151612,7.0,
1994,VI Del Libertador General Bernardo OHiggins,1909289.204,,,,0.178203467,0.00039566,0.122432286,0.128771331,0.037822011,0.096518237,0.108007367,0.068246783,0.05846647,0.050345992,0.079903829,0.042398172,7.0,
1995,VI Del Libertador General Bernardo OHiggins,1929019.789,,,,0.169586038,0.000116445,0.127104377,0.118948614,0.035286673,0.112099295,0.112661009,0.072625358,0.060834509,0.050081786,0.080628939,0.041108987,7.0,
1996,VI Del Libertador General Bernardo OHiggins,1989964.308,,,,0.173568451,0.000106279,0.129093923,0.118288701,0.026180771,0.097426037,0.118660791,0.080657805,0.063216359,0.049491622,0.080960566,0.039763865,7.0,
1997,VI Del Libertador General Bernardo OHiggins,1977292.705,,,,0.172116836,0.000122642,0.131321064,0.129253584,0.044007471,0.087663243,0.126629376,0.084492676,0.068800587,0.051138238,0.086530973,0.040374645,7.0,
1998,VI Del Libertador General Bernardo OHiggins,2027377.829,,,,0.183237127,0.000151482,0.125127372,0.131650959,0.02836274,0.092281283,0.132959885,0.082599437,0.069417165,0.051011564,0.084871862,0.039441432,7.0,
1999,VI Del Libertador General Bernardo OHiggins,2026009.599,,,,0.174994729,0.000298974,0.13124693,0.132952213,0.029767404,0.091499473,0.134271014,0.07698654,0.068950548,0.051970943,0.08604621,0.039823445,7.0,
2000,VI Del Libertador General Bernardo OHiggins,2188223.251,,,,0.17487743,0.00017601,0.121138184,0.129423955,0.036661089,0.104725158,0.131961386,0.076861911,0.064642835,0.0488881,0.081678172,0.036517365,7.0,
2001,VI Del Libertador General Bernardo OHiggins,2223167.457,,,,0.185964688,0.000225846,0.121630159,0.126906874,0.036767156,0.097170356,0.130076562,0.08078443,0.064322461,0.048554192,0.084039933,0.035729869,7.0,
2002,VI Del Libertador General Bernardo OHiggins,2343228.117,,,,0.184951637,0.000218652,0.100912853,0.124447072,0.037910748,0.117573868,0.12667464,0.079948667,0.062091439,0.046535025,0.082076364,0.034635601,7.0,
2003,VI Del Libertador General Bernardo OHiggins,2309066.864,,,,0.200021372,0.000150553,0.102535865,0.127301259,0.030825929,0.101637287,0.134980499,0.085234412,0.063610096,0.047673619,0.083778894,0.035792589,7.0,
2004,VI Del Libertador General Bernardo OHiggins,2482286.961,,,,0.195090676,0.000124981,0.121828673,0.122689006,0.026452817,0.109314122,0.134493879,0.08130292,0.062664794,0.045000356,0.080621823,0.033932773,7.0,
2005,VI Del Libertador General Bernardo OHiggins,2595053.268,,7952.0,,0.209487527,0.000106359,0.108712525,0.129826226,0.033710863,0.103097486,0.130521688,0.080816583,0.06413834,0.043987374,0.077955425,0.032574377,7.0,
2006,VI Del Libertador General Bernardo OHiggins,2646334.462,,9068.0,,0.215885006,0.000122623,0.10072599,0.122187662,0.033969851,0.104525439,0.132668156,0.081715336,0.066833472,0.044075077,0.078127957,0.033366528,7.0,
2007,VI Del Libertador General Bernardo OHiggins,2636128.752,,10160.0,,0.224978294,0.000122957,0.098460955,0.130355997,0.016921228,0.091841162,0.135314981,0.085000666,0.072179047,0.045407964,0.080985976,0.034644775,7.0,
2008,VI Del Libertador General Bernardo OHiggins,2689701.229,866249.0,11430.0,0.01319482,0.227801357,0.000148501,0.091079598,0.141856631,0.018966064,0.084033098,0.135161641,0.082928783,0.072391651,0.045596667,0.081986274,0.03439729,7.0,
2009,VI Del Libertador General Bernardo OHiggins,2698112.496,874806.0,14639.0,0.016733996,0.223156133,0.000247,0.094860242,0.143145541,0.021757597,0.087043945,0.128940718,0.080088123,0.070130596,0.046497834,0.083795664,0.036282292,7.0,
2010,VI Del Libertador General Bernardo OHiggins,2692675.08,883368.0,17769.0,0.02011506,,,,,,,,,,,,,7.0,
2011,VI Del Libertador General Bernardo OHiggins,2897620.735,891763.0,20177.0,0.022625967,,,,,,,,,,,,,7.0,
2012,VI Del Libertador General Bernardo OHiggins,2885016.376,900163.0,23694.0,0.026321899,,,,,,,,,,,,,7.0,
2013,VI Del Libertador General Bernardo OHiggins,2956863.614,908553.0,24754.0,0.027245521,,,,,,,,,,,,,7.0,
2014,VI Del Libertador General Bernardo OHiggins,3230479.574,916959.0,27987.0,0.030521539,,,,,,,,,,,,,7.0,
2015,VI Del Libertador General Bernardo OHiggins,3432813.081,,29142.0,,,,,,,,,,,,,,7.0,
2016,VI Del Libertador General Bernardo OHiggins,3469030.8879753724,,,,,,,,,,,,,,,,,1.055047452942648
2017,VI Del Libertador General Bernardo OHiggins,3386059.8263988374,,,,,,,,,,,,,,,,,-2.3917648546784576
2018,VI Del Libertador General Bernardo OHiggins,3538713.081013002,,,,,,,,,,,,,,,,,4.508285808302315
2019,VI Del Libertador General Bernardo OHiggins,3471855.040478582,,,,,,,,,,,,,,,,,-1.8893320538799108
2020,VI Del Libertador General Bernardo OHiggins,3299003.070892308,,,,,,,,,,,,,,,,,-4.9786632094653065
2021,VI Del Libertador General Bernardo OHiggins,3572489.2339471444,,,,,,,,,,,,,,,,,8.289963882357476
2022,VI Del Libertador General Bernardo OHiggins,3551968.2592992694,,,,,,,,,,,,,,,,,-0.5744166967076358
2023,VI Del Libertador General Bernardo OHiggins,3453606.5184761058,,,,,,,,,,,,,,,,,-2.769217899558829
1985,VII Del Maule,856455.2804,,,,0.120520774,0.001053336,0.0053193,0.15091727,0.101573228,0.148854166,0.04015768,0.085498491,0.064633289,0.12135813,0.251831774,0.098429941,8.0,
1986,VII Del Maule,913021.4595,,,,0.119273831,0.000713457,0.005305011,0.145615556,0.165076169,0.116448561,0.038654125,0.083650184,0.065992355,0.112760035,0.229021129,0.093867934,8.0,
1987,VII Del Maule,937390.8662,,,,0.117265127,0.00144301,0.005465639,0.140438187,0.163959847,0.143232512,0.039804088,0.081827546,0.069200863,0.108925006,0.223654506,0.088673426,8.0,
1988,VII Del Maule,1009180.574,,,,0.12304297,0.001922071,0.004336146,0.158694712,0.1276601,0.133833974,0.041690061,0.083948382,0.071640445,0.100706782,0.210293707,0.084386847,8.0,
1989,VII Del Maule,1033344.581,,,,0.128646182,0.00256056,0.003610713,0.162448998,0.097963977,0.13403855,0.043907777,0.085423556,0.075964725,0.09824336,0.200051506,0.082037122,8.0,
1990,VII Del Maule,1067627.18,,,,0.13346928,0.002554267,0.003542265,0.159187007,0.082237596,0.136630872,0.04520034,0.090816244,0.074107932,0.095878821,0.19098023,0.07892019,8.0,
1991,VII Del Maule,1165204.032,,,,0.127077783,0.002541209,0.003736763,0.142936931,0.146899435,0.14063426,0.043748982,0.08738051,0.074672972,0.087957605,0.179500605,0.072060214,8.0,
1992,VII Del Maule,1330369.726,,,,0.138313052,0.001722591,0.005842366,0.134480408,0.176210333,0.102272226,0.046041746,0.082038317,0.072293938,0.076690134,0.160897623,0.065598683,8.0,
1993,VII Del Maule,1346841.761,,,,0.134331642,0.002089203,0.002844709,0.138254084,0.177145775,0.110889575,0.04544617,0.082389647,0.073456059,0.076208697,0.161208397,0.064804117,8.0,
1994,VII Del Maule,1489088.481,,,,0.13246959,0.001635323,0.006054154,0.165508318,0.154268716,0.099990713,0.046252739,0.079888648,0.072134631,0.069489311,0.148326588,0.058725422,8.0,
1995,VII Del Maule,1600176.293,,,,0.142498391,0.00033002,0.006094534,0.152145965,0.150698425,0.098817704,0.050674155,0.08008966,0.074451698,0.06509803,0.137278542,0.054762073,8.0,
1996,VII Del Maule,1597085.711,,,,0.140740307,0.000790998,0.007017015,0.157634217,0.117783404,0.110409973,0.053693232,0.090797574,0.078896037,0.06647218,0.140253801,0.055229102,8.0,
1997,VII Del Maule,1636252.443,,,,0.134035208,0.00060674,0.006709801,0.160776572,0.131659481,0.10268355,0.05457772,0.093563939,0.078025306,0.064648961,0.140525541,0.052484005,8.0,
1998,VII Del Maule,1661033.28,,,,0.154198869,0.000612573,0.003911582,0.162703181,0.107062903,0.102032181,0.057297108,0.091573994,0.077173204,0.06512132,0.139636861,0.052114709,8.0,
1999,VII Del Maule,1642218.688,,,,0.138808883,0.000672594,0.00299758,0.177625519,0.090927064,0.115833983,0.057170401,0.093908112,0.075141607,0.06705311,0.143316421,0.053975464,8.0,
2000,VII Del Maule,1779899.31,,,,0.136828424,0.000857631,0.003342482,0.180566673,0.115647653,0.107053351,0.056006999,0.095512792,0.070211495,0.062821131,0.135065018,0.049486463,8.0,
2001,VII Del Maule,1857114.713,,,,0.137011974,0.001052762,0.003061282,0.182244205,0.132203433,0.093908218,0.055170193,0.094892885,0.066845761,0.06060888,0.136348815,0.047470918,8.0,
2002,VII Del Maule,1857540.161,,,,0.144415217,0.000756742,0.003682584,0.193465567,0.123899691,0.079677492,0.054321471,0.101245725,0.066091318,0.061073847,0.138625929,0.047473147,8.0,
2003,VII Del Maule,1893727.082,,,,0.146423074,0.000684098,0.004046236,0.203232099,0.111209536,0.074827864,0.055964322,0.101473784,0.068219178,0.06034844,0.141688849,0.04737781,8.0,
2004,VII Del Maule,1980969.704,,,,0.161797136,0.000439158,0.005914418,0.211740583,0.092434895,0.075594707,0.055752024,0.103196376,0.068707717,0.058422253,0.136344393,0.045469194,8.0,
2005,VII Del Maule,2125212.491,,20573.0,,0.163041257,0.000249598,0.006306597,0.208822717,0.101847509,0.081410183,0.055485115,0.101876215,0.069735047,0.055544473,0.129402503,0.043745755,8.0,
2006,VII Del Maule,2234582.32,,23766.0,,0.170832187,0.000435003,0.005655808,0.209370581,0.105460805,0.080003645,0.055356252,0.100985109,0.06590378,0.053979395,0.125390465,0.042213317,8.0,
2007,VII Del Maule,2161353.107,,26825.0,,0.166494783,0.00046531,0.004396212,0.227950482,0.075207978,0.066304989,0.061458523,0.107471961,0.075444161,0.05727591,0.130622649,0.045270073,8.0,
2008,VII Del Maule,2215647.95,991542.0,29089.0,0.029337133,0.15889969,0.00079976,0.004179055,0.227219346,0.074481954,0.078343745,0.062243845,0.105163712,0.075537983,0.057214958,0.129645393,0.044811617,8.0,
2009,VII Del Maule,2185788.523,999685.0,32996.0,0.033006397,0.162133083,0.000927189,0.004242826,0.223654295,0.082088234,0.068682898,0.061238845,0.102676308,0.073666194,0.059328177,0.133537138,0.046064253,8.0,
2010,VII Del Maule,2200720.16,1007831.0,37315.0,0.037025057,,,,,,,,,,,,,8.0,
2011,VII Del Maule,2390392.714,1015763.0,40978.0,0.040342088,,,,,,,,,,,,,8.0,
2012,VII Del Maule,2484540.292,1023686.0,45628.0,0.044572261,,,,,,,,,,,,,8.0,
2013,VII Del Maule,2595026.948,1031622.0,46945.0,0.045506009,,,,,,,,,,,,,8.0,
2014,VII Del Maule,2797294.751,1039543.0,49409.0,0.047529539,,,,,,,,,,,,,8.0,
2015,VII Del Maule,3128744.949,,50483.0,,,,,,,,,,,,,,8.0,
2016,VII Del Maule,3153363.4950981685,,,,,,,,,,,,,,,,,0.7868505263120662
2017,VII Del Maule,3127655.629002725,,,,,,,,,,,,,,,,,-0.8152522262468653
2018,VII Del Maule,3340806.7888052226,,,,,,,,,,,,,,,,,6.815045679132603
2019,VII Del Maule,3279486.748841041,,,,,,,,,,,,,,,,,-1.835485972120876
2020,VII Del Maule,3176952.517283234,,,,,,,,,,,,,,,,,-3.1265328818310456
2021,VII Del Maule,3426979.2132610865,,,,,,,,,,,,,,,,,7.870016772918675
2022,VII Del Maule,3478686.753386885,,,,,,,,,,,,,,,,,1.5088372852017917
2023,VII Del Maule,3479062.929101846,,,,,,,,,,,,,,,,,0.010813727755021318
1985,VIII Del Biobío,1546296.076,,,,0.07394683,0.023324949,0.020453172,0.355168501,0.082990889,0.046767363,0.040089908,0.040118764,0.040265963,0.070586079,0.161922841,0.069065921,9.0,
1986,VIII Del Biobío,1568121.421,,,,0.073633585,0.027399098,0.023048374,0.362569143,0.066716319,0.046873323,0.039052526,0.041641123,0.042902273,0.06905045,0.162936755,0.072896081,9.0,
1987,VIII Del Biobío,1613760.889,,,,0.076420233,0.035614435,0.018022867,0.352541807,0.070428144,0.049056837,0.039798376,0.046700043,0.045715589,0.066605055,0.152400745,0.067084441,9.0,
1988,VIII Del Biobío,1712646.772,,,,0.082895016,0.034043029,0.027864695,0.346077224,0.074745587,0.047414105,0.03764571,0.04798686,0.048193471,0.062522085,0.143572471,0.062557003,9.0,
1989,VIII Del Biobío,1754304.595,,,,0.080172278,0.037649996,0.025140706,0.350771916,0.056958762,0.052252158,0.040624929,0.05195758,0.053720491,0.061018693,0.140124273,0.05775151,9.0,
1990,VIII Del Biobío,1789395.707,,,,0.081167145,0.035705761,0.025026252,0.347709999,0.044183619,0.070106335,0.04102518,0.052869742,0.053716323,0.060326532,0.138854659,0.056301038,9.0,
1991,VIII Del Biobío,1827410.905,,,,0.071505183,0.042775579,0.024097741,0.351159818,0.039279259,0.067743019,0.041517471,0.055645882,0.06019741,0.059206161,0.143712265,0.054911279,9.0,
1992,VIII Del Biobío,1933039.808,,,,0.0746648,0.04766905,0.018492896,0.348367275,0.044405038,0.051683069,0.042520923,0.062124575,0.065935921,0.056042098,0.139882587,0.052710409,9.0,
1993,VIII Del Biobío,1971654.661,,,,0.071800414,0.042658132,0.009978559,0.34627035,0.049352347,0.067875442,0.04262396,0.061117517,0.06799675,0.055701347,0.141359691,0.051937599,9.0,
1994,VIII Del Biobío,1979671.942,,,,0.069021139,0.046931955,0.005646931,0.342524835,0.051400812,0.068852605,0.044272397,0.062045396,0.072297003,0.056190727,0.140899355,0.052787319,9.0,
1995,VIII Del Biobío,2088588.803,,,,0.068597709,0.040556839,0.004745886,0.342680806,0.053538968,0.071662496,0.045988489,0.065127622,0.075573334,0.053865296,0.132032415,0.049635646,9.0,
1996,VIII Del Biobío,2141482.108,,,,0.060412073,0.045800505,0.003879428,0.336547072,0.054771023,0.073875841,0.0474599,0.069904157,0.078281878,0.053670733,0.133371986,0.049081205,9.0,
1997,VIII Del Biobío,2213875.848,,,,0.059754545,0.042072839,0.003611373,0.334558549,0.051329551,0.081903413,0.051697726,0.070722354,0.078663959,0.053412277,0.136090686,0.048534211,9.0,
1998,VIII Del Biobío,2211336.611,,,,0.057214005,0.033673597,0.003507031,0.325929834,0.04648479,0.092674065,0.052564953,0.074952556,0.079887889,0.054807473,0.137876263,0.049328538,9.0,
1999,VIII Del Biobío,2194440.546,,,,0.058933025,0.043941472,0.003377988,0.328437081,0.040108449,0.08864743,0.05020804,0.076530121,0.078526366,0.056349643,0.139020898,0.050345336,9.0,
2000,VIII Del Biobío,2252355.17,,,,0.057614311,0.034650877,0.003441738,0.336561206,0.048469102,0.076226274,0.051543997,0.083887245,0.078564873,0.055779906,0.13725874,0.049913545,9.0,
2001,VIII Del Biobío,2281208.242,,,,0.058946976,0.029615921,0.003456883,0.354941505,0.046844832,0.064970739,0.051169412,0.087201928,0.074839841,0.055635165,0.139714638,0.049445797,9.0,
2002,VIII Del Biobío,2394326.648,,,,0.057210726,0.035414302,0.003357503,0.344193787,0.051587311,0.074986708,0.050571908,0.085874077,0.072414875,0.053608705,0.137407954,0.047149203,9.0,
2003,VIII Del Biobío,2492735.067,,,,0.057756393,0.029401864,0.003471814,0.357047473,0.053023849,0.072232763,0.050999486,0.085874368,0.073866729,0.052044338,0.132582575,0.045337678,9.0,
2004,VIII Del Biobío,2618728.036,,,,0.058477367,0.029821162,0.00386313,0.369926272,0.051795523,0.064545768,0.048451085,0.084308803,0.073489733,0.050331269,0.134004943,0.045085742,9.0,
2005,VIII Del Biobío,2777504.739,,77062.0,,0.060042556,0.028391317,0.004464797,0.361818383,0.055649796,0.081719674,0.048065858,0.082097957,0.073168912,0.048553658,0.12781806,0.043371605,9.0,
2006,VIII Del Biobío,2849220.423,,82163.0,,0.064270357,0.028973898,0.003772062,0.358025315,0.058909486,0.076364502,0.048624884,0.081961919,0.074595667,0.048366617,0.127849419,0.042836884,9.0,
2007,VIII Del Biobío,2876133.899,,90595.0,,0.060092513,0.025342063,0.003141761,0.366685839,0.046840577,0.074323364,0.050847162,0.083495731,0.081139889,0.049175516,0.131259484,0.043765006,9.0,
2008,VIII Del Biobío,2898320.469,2009549.0,96090.0,0.047816699,0.057273668,0.022597499,0.003980209,0.36568923,0.046542625,0.072627228,0.053178596,0.084674306,0.083800899,0.04994474,0.131946973,0.044204496,9.0,
2009,VIII Del Biobío,2832254.652,2022995.0,105774.0,0.052285844,0.056476004,0.028037727,0.00422313,0.352692151,0.053913189,0.059602729,0.052800029,0.086282778,0.083019046,0.052285337,0.141295513,0.046148473,9.0,
2010,VIII Del Biobío,2742787.792,2036443.0,118586.0,0.058231927,,,,,,,,,,,,,9.0,
2011,VIII Del Biobío,3114306.776,2048993.0,130164.0,0.063525839,,,,,,,,,,,,,9.0,
2012,VIII Del Biobío,3116386.81,2061544.0,138101.0,0.066989111,,,,,,,,,,,,,9.0,
2013,VIII Del Biobío,3279820.95,2074094.0,145564.0,0.070181969,,,,,,,,,,,,,9.0,
2014,VIII Del Biobío,3588000.067,2086637.0,149852.0,0.071815079,,,,,,,,,,,,,9.0,
2015,VIII Del Biobío,3901330.331,,152534.0,,,,,,,,,,,,,,9.0,
2016,VIII Del Biobío,3966673.6769734095,,,,,,,,,,,,,,,,,1.6748990838891809
2017,VIII Del Biobío,4008954.586587338,,,,,,,,,,,,,,,,,1.0659034006091694
2018,VIII Del Biobío,4194866.160653758,,,,,,,,,,,,,,,,,4.637407834162555
2019,VIII Del Biobío,4216798.523758542,,,,,,,,,,,,,,,,,0.5228382090113115
2020,VIII Del Biobío,3979085.9656853704,,,,,,,,,,,,,,,,,-5.6372756899300995
2021,VIII Del Biobío,4345426.058034814,,,,,,,,,,,,,,,,,9.206639301303564
2022,VIII Del Biobío,4436183.764099717,,,,,,,,,,,,,,,,,2.0885801496285827
2023,VIII Del Biobío,4625622.367957192,,,,,,,,,,,,,,,,,4.270305603445146
1985,X De Los Lagos,913449.3114,,,,0.129836213,0.026214028,0.008617375,0.118307668,0.037822931,0.081228994,0.097060368,0.069079256,0.07438445,0.103474811,0.247068882,0.127986213,11.0,
1986,X De Los Lagos,968101.7348,,,,0.131714917,0.02183673,0.008155383,0.126462098,0.036646412,0.103792624,0.095420677,0.068463701,0.074917195,0.096717887,0.233798705,0.121148613,11.0,
1987,X De Los Lagos,1046273.736,,,,0.135042607,0.027605282,0.007563946,0.131714755,0.032313387,0.095484573,0.09935912,0.073056623,0.07446908,0.088488822,0.210257356,0.108806406,11.0,
1988,X De Los Lagos,1071481.085,,,,0.13483153,0.022991093,0.008345857,0.134036264,0.027740272,0.101692158,0.096456354,0.089213554,0.079703521,0.085890336,0.20485633,0.107298116,11.0,
1989,X De Los Lagos,1117484.486,,,,0.129408151,0.022930615,0.008262106,0.13392811,0.027526051,0.10843087,0.097526773,0.090157106,0.086491795,0.082141725,0.204761837,0.103469957,11.0,
1990,X De Los Lagos,1215577.679,,,,0.134441412,0.032233316,0.005762429,0.125296729,0.026649073,0.106964935,0.09572717,0.091795249,0.080813253,0.0762891,0.190222167,0.094076394,11.0,
1991,X De Los Lagos,1204564.367,,,,0.122257266,0.035314123,0.006258867,0.124287036,0.046001365,0.091639871,0.094064845,0.097875138,0.090432701,0.076516767,0.192784426,0.09309894,11.0,
1992,X De Los Lagos,1293853.775,,,,0.112690205,0.041072658,0.006518038,0.130974797,0.055567524,0.08503626,0.098304277,0.094663462,0.094016466,0.070750917,0.185153944,0.090217768,11.0,
1993,X De Los Lagos,1343019.601,,,,0.112310568,0.043819467,0.006557774,0.136893622,0.054292917,0.091020033,0.097150308,0.086477231,0.095999351,0.068565687,0.182210573,0.083752599,11.0,
1994,X De Los Lagos,1403068.741,,,,0.113157353,0.046677124,0.004533296,0.129373308,0.053269353,0.097692516,0.100612456,0.085398757,0.099055386,0.065978163,0.178069334,0.080778357,11.0,
1995,X De Los Lagos,1519807.944,,,,0.109945269,0.054499125,0.004085483,0.134256229,0.049731084,0.092177487,0.102230597,0.088334229,0.100987945,0.061166108,0.16416381,0.074029238,11.0,
1996,X De Los Lagos,1626752.155,,,,0.096315476,0.067851326,0.004206033,0.128610777,0.048080917,0.096643483,0.101137617,0.096463188,0.101415203,0.05808313,0.159128726,0.069793171,11.0,
1997,X De Los Lagos,1786569.598,,,,0.091384754,0.084207771,0.003944489,0.13172787,0.04533127,0.099856286,0.099960595,0.100049859,0.098679655,0.054135893,0.152706038,0.063348874,11.0,
1998,X De Los Lagos,1839830.167,,,,0.086667458,0.093918878,0.00379148,0.125602581,0.042452809,0.100643385,0.101321752,0.107240062,0.099206533,0.053612123,0.149503867,0.06149335,11.0,
1999,X De Los Lagos,1824959.818,,,,0.091522765,0.081276059,0.003559683,0.12750369,0.036322028,0.106963639,0.096593787,0.116967957,0.098682479,0.054876386,0.151863777,0.061838416,11.0,
2000,X De Los Lagos,1950147.668,,,,0.080918284,0.108204738,0.003688498,0.124602608,0.036879619,0.102729336,0.092273172,0.119416654,0.0946666,0.052056493,0.146203534,0.057798684,11.0,
2001,X De Los Lagos,1999678.322,,,,0.081768555,0.129639711,0.003353563,0.126747827,0.036166053,0.078944674,0.089636026,0.117479641,0.091767325,0.051104543,0.148397886,0.056449489,11.0,
2002,X De Los Lagos,2069639.265,,,,0.078273652,0.133664317,0.003034872,0.126042877,0.036319736,0.083836421,0.08850338,0.118518816,0.088245718,0.04976572,0.148320853,0.055358298,11.0,
2003,X De Los Lagos,2073757.463,,,,0.078914051,0.123013054,0.003026043,0.131720012,0.036886956,0.084253199,0.091483571,0.116957559,0.09155772,0.050030064,0.151138079,0.056939976,11.0,
2004,X De Los Lagos,2188533.184,,,,0.090008084,0.139970458,0.002594302,0.133427386,0.035969122,0.06840648,0.087869933,0.11430944,0.092071143,0.048003566,0.148404035,0.055426584,11.0,
2005,X De Los Lagos,2237039.789,,36331.0,,0.088249189,0.140610152,0.003043649,0.127496909,0.032853081,0.070363452,0.089626621,0.118563899,0.098228707,0.047894652,0.147526692,0.054604751,11.0,
2006,X De Los Lagos,2300521.67,,27993.0,,0.090293213,0.123780524,0.002661061,0.126595892,0.035771732,0.073081145,0.089877273,0.122782688,0.101186823,0.047587947,0.150469977,0.053420743,11.0,
2007,X De Los Lagos,2337276.557,,31303.0,,0.086101294,0.118263299,0.002639231,0.115583827,0.029203384,0.078980807,0.091092993,0.133767332,0.109367132,0.048069899,0.152651612,0.053744971,11.0,
2008,X De Los Lagos,2398054.188,1192099.0,35835.0,0.030060423,0.084121974,0.125949464,0.001552794,0.110625462,0.027212898,0.073998555,0.095404653,0.136430036,0.10963131,0.048002986,0.153385888,0.053300116,11.0,
2009,X De Los Lagos,2324286.995,1204023.0,40401.0,0.033555007,0.080417867,0.111487424,0.002041454,0.09842326,0.031488354,0.085140048,0.093794343,0.137316665,0.10881849,0.050661516,0.163841279,0.056241658,11.0,
2010,X De Los Lagos,2344893.973,1215965.0,43794.0,0.036015839,,,,,,,,,,,,,11.0,
2011,X De Los Lagos,2613634.606,1227321.0,50334.0,0.041011276,,,,,,,,,,,,,11.0,
2012,X De Los Lagos,2640622.345,1238691.0,52895.0,0.042702337,,,,,,,,,,,,,11.0,
2013,X De Los Lagos,2953435.585,1250056.0,57132.0,0.045703552,,,,,,,,,,,,,11.0,
2014,X De Los Lagos,3439740.911,1261423.0,59512.0,0.047178464,,,,,,,,,,,,,11.0,
2015,X De Los Lagos,3701086.127,,62808.0,,,,,,,,,,,,,,11.0,
2016,X De Los Lagos,3788246.827948839,,,,,,,,,,,,,,,,,2.3550033141079396
2017,X De Los Lagos,3962482.3398887124,,,,,,,,,,,,,,,,,4.599370628502952
2018,X De Los Lagos,4171785.046715981,,,,,,,,,,,,,,,,,5.28211077990941
2019,X De Los Lagos,4211207.596283418,,,,,,,,,,,,,,,,,0.9449803651429889
2020,X De Los Lagos,3980374.813402003,,,,,,,,,,,,,,,,,-5.481391681690906
2021,X De Los Lagos,4307992.84147044,,,,,,,,,,,,,,,,,8.230833613089406
2022,X De Los Lagos,4450786.294154972,,,,,,,,,,,,,,,,,3.314616758643285
2023,X De Los Lagos,4487926.3539857315,,,,,,,,,,,,,,,,,0.834460640798107
1985,XI Aysén del General Carlos Ibáñez del Campo,1506169.949,,,,0.068934047,0.012150469,0.013653448,0.06605062,0.0238207,0.087633514,0.074383018,0.038999501,0.040244193,0.090827098,0.229654536,0.40513745,12.0,
1986,XI Aysén del General Carlos Ibáñez del Campo,1580966.381,,,,0.060916454,0.026892261,0.007666847,0.100338681,0.024260894,0.109502194,0.070641774,0.03529358,0.039704133,0.085579229,0.21664811,0.388540238,12.0,
1987,XI Aysén del General Carlos Ibáñez del Campo,1673592.137,,,,0.057379413,0.041179974,0.011158458,0.152419555,0.026751849,0.09008283,0.071495886,0.039535562,0.039144784,0.079992016,0.197321783,0.354348264,12.0,
1988,XI Aysén del General Carlos Ibáñez del Campo,1684128.457,,,,0.055234988,0.026773394,0.011382595,0.122913002,0.030437819,0.126884882,0.065858524,0.050982035,0.042600617,0.078955646,0.198425668,0.348662376,12.0,
1989,XI Aysén del General Carlos Ibáñez del Campo,1669995.507,,,,0.05404176,0.025951781,0.010459638,0.106421315,0.03299392,0.110962939,0.071890425,0.059154967,0.052880853,0.079436555,0.193880734,0.351987851,12.0,
1990,XI Aysén del General Carlos Ibáñez del Campo,1692619.861,,,,0.051990528,0.034621244,0.013233536,0.091430545,0.030471152,0.115359429,0.069744948,0.063532377,0.051614876,0.07808608,0.192049045,0.343838734,12.0,
1991,XI Aysén del General Carlos Ibáñez del Campo,1679193.27,,,,0.05287021,0.039898046,0.015010582,0.088512708,0.033843737,0.090396993,0.068805582,0.069127798,0.057865953,0.079071103,0.194610963,0.339991171,12.0,
1992,XI Aysén del General Carlos Ibáñez del Campo,1750787.629,,,,0.050038092,0.036084615,0.015322234,0.079039986,0.034945251,0.121524101,0.07015327,0.066597354,0.061375946,0.076218797,0.188801407,0.327168849,12.0,
1993,XI Aysén del General Carlos Ibáñez del Campo,1846792.266,,,,0.046872219,0.039468624,0.056207043,0.086899698,0.032753938,0.101419226,0.072466026,0.066714863,0.059059339,0.073487254,0.183959296,0.301298063,12.0,
1994,XI Aysén del General Carlos Ibáñez del Campo,2032394.532,,,,0.041622826,0.047974896,0.053729753,0.096603526,0.032335629,0.139767863,0.070436966,0.059914091,0.059006753,0.067825137,0.176814902,0.280495947,12.0,
1995,XI Aysén del General Carlos Ibáñez del Campo,2028872.98,,,,0.039347031,0.05957613,0.050353539,0.090709369,0.033350964,0.109615951,0.070430925,0.072193272,0.070062677,0.068910794,0.181320094,0.28331831,12.0,
1996,XI Aysén del General Carlos Ibáñez del Campo,2250302.186,,,,0.034092221,0.07909986,0.084890515,0.0749866,0.032405225,0.09398157,0.067220167,0.075682482,0.067583936,0.063288856,0.165297626,0.272291798,12.0,
1997,XI Aysén del General Carlos Ibáñez del Campo,2533677.946,,,,0.030769994,0.090736098,0.081548089,0.075096778,0.030740953,0.094845642,0.062329848,0.074607345,0.062950359,0.057653432,0.150526228,0.241841899,12.0,
1998,XI Aysén del General Carlos Ibáñez del Campo,2555130.608,,,,0.029915491,0.085054657,0.058573875,0.064533707,0.03312696,0.102816711,0.063729746,0.074749714,0.064640773,0.058410903,0.1519837,0.2434485,12.0,
1999,XI Aysén del General Carlos Ibáñez del Campo,2687108.365,,,,0.028406036,0.089381092,0.058548577,0.070254298,0.032160223,0.105081894,0.061917605,0.083929451,0.057673978,0.05649511,0.147619234,0.235182744,12.0,
2000,XI Aysén del General Carlos Ibáñez del Campo,2750663.515,,,,0.027729073,0.103527723,0.041284199,0.06808028,0.03177935,0.095981757,0.061522021,0.089720559,0.058175875,0.055855332,0.143756606,0.229513009,12.0,
2001,XI Aysén del General Carlos Ibáñez del Campo,2979456.313,,,,0.024184618,0.146044753,0.034997724,0.062627818,0.030056789,0.08222464,0.056334137,0.086563308,0.052956343,0.052083062,0.136236651,0.212492338,12.0,
2002,XI Aysén del General Carlos Ibáñez del Campo,3249939.677,,,,0.021819948,0.167683956,0.061185028,0.057507343,0.029356766,0.074189563,0.053443606,0.089139248,0.051504227,0.048274078,0.132687525,0.197052171,12.0,
2003,XI Aysén del General Carlos Ibáñez del Campo,3195635.158,,,,0.021664513,0.144722297,0.079338784,0.059956104,0.029931319,0.085326982,0.051753756,0.088156712,0.052501474,0.049600841,0.143826323,0.204452795,12.0,
2004,XI Aysén del General Carlos Ibáñez del Campo,3346772.305,,,,0.021241895,0.15724966,0.07885152,0.065551373,0.029643108,0.081842607,0.052996717,0.08936749,0.054174286,0.048097784,0.138435932,0.194177268,12.0,
2005,XI Aysén del General Carlos Ibáñez del Campo,3697267.198,,957.0,,0.020183396,0.215184254,0.077111413,0.060239717,0.028190303,0.06867148,0.049392265,0.080526604,0.053929512,0.044522758,0.130866625,0.18313484,12.0,
2006,XI Aysén del General Carlos Ibáñez del Campo,3581479.922,,883.0,,0.02248908,0.164314518,0.072774817,0.053824684,0.032338814,0.093326646,0.05246011,0.08826015,0.059269863,0.046963238,0.134677988,0.191230982,12.0,
2007,XI Aysén del General Carlos Ibáñez del Campo,3840430.247,,830.0,,0.020513373,0.189539667,0.072712443,0.042475865,0.021700881,0.110443405,0.051296256,0.08694459,0.062378813,0.044935521,0.126409365,0.183258441,12.0,
2008,XI Aysén del General Carlos Ibáñez del Campo,3874395.9,102632.0,961.0,0.009363551,0.019809525,0.221332522,0.02277957,0.045342863,0.021222874,0.111420718,0.052525293,0.094090842,0.063472464,0.045664765,0.129424576,0.185797599,12.0,
2009,XI Aysén del General Carlos Ibáñez del Campo,3663006.806,103738.0,1235.0,0.011904991,0.018879295,0.209664389,0.019400357,0.044687665,0.024253078,0.103728227,0.053445721,0.091520107,0.064661717,0.049406173,0.137528849,0.195561497,12.0,
2010,XI Aysén del General Carlos Ibáñez del Campo,3535238.404,104843.0,1448.0,0.013811127,,,,,,,,,,,,,12.0,
2011,XI Aysén del General Carlos Ibáñez del Campo,4017095.459,105865.0,1448.0,0.013677797,,,,,,,,,,,,,12.0,
2012,XI Aysén del General Carlos Ibáñez del Campo,4187285.062,106885.0,1418.0,0.013266595,,,,,,,,,,,,,12.0,
2013,XI Aysén del General Carlos Ibáñez del Campo,4568114.437,107915.0,1681.0,0.015577075,,,,,,,,,,,,,12.0,
2014,XI Aysén del General Carlos Ibáñez del Campo,5393716.788,108938.0,1782.0,0.016357928,,,,,,,,,,,,,12.0,
2015,XI Aysén del General Carlos Ibáñez del Campo,5564817.049,,2193.0,,,,,,,,,,,,,,12.0,
2016,XI Aysén del General Carlos Ibáñez del Campo,5544790.93788827,,,,,,,,,,,,,,,,,-0.3598700718351222
2017,XI Aysén del General Carlos Ibáñez del Campo,6075478.162770203,,,,,,,,,,,,,,,,,9.570914951106246
2018,XI Aysén del General Carlos Ibáñez del Campo,6197349.612176854,,,,,,,,,,,,,,,,,2.0059565048470507
2019,XI Aysén del General Carlos Ibáñez del Campo,6224305.101726215,,,,,,,,,,,,,,,,,0.43495189453888194
2020,XI Aysén del General Carlos Ibáñez del Campo,5653910.7247457635,,,,,,,,,,,,,,,,,-9.163984857076846
2021,XI Aysén del General Carlos Ibáñez del Campo,5806607.345611729,,,,,,,,,,,,,,,,,2.7007257153468966
2022,XI Aysén del General Carlos Ibáñez del Campo,5982076.795311747,,,,,,,,,,,,,,,,,3.021892806866422
2023,XI Aysén del General Carlos Ibáñez del Campo,6194121.243154988,,,,,,,,,,,,,,,,,3.544662750057359
1985,XII De Magallanes y de la Antártica Chilena,4204220.868,,,,0.005877735,0.034276373,0.369264736,0.056134013,0.013509674,0.044331715,0.035168671,0.059646574,0.044035886,0.043415215,0.049237343,0.166913259,13.0,
1986,XII De Magallanes y de la Antártica Chilena,4215359.906,,,,0.005652919,0.033796742,0.350743798,0.06714323,0.014183234,0.061929233,0.034698547,0.056504643,0.044580854,0.043118679,0.050706818,0.167691674,13.0,
1987,XII De Magallanes y de la Antártica Chilena,4405685.649,,,,0.005350166,0.031901523,0.342166975,0.075172985,0.014833078,0.074171114,0.035700813,0.066829792,0.043051792,0.04109762,0.048462735,0.154599659,13.0,
1988,XII De Magallanes y de la Antártica Chilena,4300391.575,,,,0.005535455,0.038529729,0.341717538,0.076346553,0.014510132,0.054367377,0.036651092,0.06244187,0.045383212,0.042104375,0.05255758,0.153308263,13.0,
1989,XII De Magallanes y de la Antártica Chilena,4715105.903,,,,0.004943556,0.032315142,0.308174137,0.192746328,0.013160501,0.04006088,0.033275924,0.051669559,0.043127552,0.038514935,0.048980438,0.133909851,13.0,
1990,XII De Magallanes y de la Antártica Chilena,4715864.392,,,,0.00506575,0.042056821,0.278931736,0.209074729,0.014028627,0.03401962,0.03574033,0.059989843,0.043637589,0.039353506,0.049104063,0.134593624,13.0,
1991,XII De Magallanes y de la Antártica Chilena,4884754.98,,,,0.004951525,0.042212748,0.261925099,0.216307988,0.013904124,0.039195284,0.038959666,0.070612688,0.044516932,0.03856268,0.048997406,0.12822458,13.0,
1992,XII De Magallanes y de la Antártica Chilena,4875986.704,,,,0.005008804,0.040277693,0.23677103,0.223124263,0.015018366,0.037973669,0.044015187,0.091977799,0.046227906,0.039142485,0.051046649,0.128965194,13.0,
1993,XII De Magallanes y de la Antártica Chilena,4894097.105,,,,0.005056502,0.047576825,0.221227409,0.231688387,0.015512704,0.037594153,0.044881741,0.094551011,0.047381252,0.039995495,0.053165752,0.124248664,13.0,
1994,XII De Magallanes y de la Antártica Chilena,4691652.608,,,,0.005331934,0.034778709,0.204306391,0.243031065,0.017316351,0.045999466,0.048889116,0.094452735,0.05143493,0.04274483,0.057325196,0.127846887,13.0,
1995,XII De Magallanes y de la Antártica Chilena,4818615.583,,,,0.004919053,0.04942654,0.171597649,0.267163144,0.017478394,0.036660968,0.055083348,0.094499016,0.053199512,0.042557765,0.055863776,0.126501257,13.0,
1996,XII De Magallanes y de la Antártica Chilena,4881217.199,,,,0.004448928,0.046739175,0.153239069,0.284322442,0.017884179,0.046906005,0.058560163,0.095007458,0.055257706,0.042552893,0.055220616,0.125087604,13.0,
1997,XII De Magallanes y de la Antártica Chilena,5079789.955,,,,0.004315668,0.054598461,0.143377685,0.314257961,0.017564165,0.037583414,0.057400455,0.092825332,0.054723326,0.041712454,0.055552436,0.121690353,13.0,
1998,XII De Magallanes y de la Antártica Chilena,5283369.03,,,,0.003955791,0.064314368,0.121725257,0.316937269,0.017127281,0.043681026,0.055931287,0.097615836,0.053045897,0.04076298,0.054281411,0.117746826,13.0,
1999,XII De Magallanes y de la Antártica Chilena,5335388.098,,,,0.004030699,0.060249021,0.120551826,0.315282966,0.016874077,0.057167992,0.056835273,0.089984985,0.051215429,0.040849976,0.053898974,0.117886893,13.0,
2000,XII De Magallanes y de la Antártica Chilena,5065015.88,,,,0.004144884,0.047853723,0.104901484,0.360276252,0.01828861,0.043677292,0.057746124,0.101792521,0.054330689,0.043283551,0.056812104,0.124780166,13.0,
2001,XII De Magallanes y de la Antártica Chilena,5286830.931,,,,0.003949682,0.044310714,0.109907036,0.384337145,0.017836292,0.046508013,0.056666393,0.101224081,0.053001633,0.041930748,0.054659106,0.121910529,13.0,
2002,XII De Magallanes y de la Antártica Chilena,5459771.024,,,,0.003607803,0.048402696,0.106429735,0.394329939,0.017222229,0.039907528,0.058439354,0.106380126,0.051629293,0.041108229,0.053459037,0.119423285,13.0,
2003,XII De Magallanes y de la Antártica Chilena,5570778.378,,,,0.003565849,0.041651022,0.104213891,0.346362532,0.017529099,0.075808777,0.05584257,0.103173224,0.050522188,0.040767961,0.053902618,0.119603712,13.0,
2004,XII De Magallanes y de la Antártica Chilena,5501421.807,,,,0.003981902,0.049351026,0.102321431,0.325808455,0.01829453,0.060864043,0.061187975,0.115033112,0.053905948,0.041990647,0.057015456,0.12460488,13.0,
2005,XII De Magallanes y de la Antártica Chilena,5714199.613,,5643.0,,0.003742154,0.043748976,0.104090225,0.355672926,0.017555021,0.040828189,0.062335194,0.118494431,0.052826645,0.041417283,0.054264036,0.120021589,13.0,
2006,XII De Magallanes y de la Antártica Chilena,5972352.208,,5738.0,,0.004188087,0.044733878,0.092971078,0.372311099,0.017190604,0.034172514,0.062676376,0.123953437,0.050833117,0.040496743,0.054541531,0.116794743,13.0,
2007,XII De Magallanes y de la Antártica Chilena,5396352.336,,5914.0,,0.004468964,0.052146566,0.094957517,0.289830068,0.020166391,0.053504838,0.07338801,0.126967194,0.061967194,0.045994808,0.062092282,0.133147274,13.0,
2008,XII De Magallanes y de la Antártica Chilena,5113698.96,157574.0,6582.0,0.041770851,0.004740713,0.057424676,0.095700347,0.234345099,0.021109823,0.054502064,0.08435118,0.137231225,0.067097219,0.049628561,0.071054846,0.143104993,13.0,
2009,XII De Magallanes y de la Antártica Chilena,4983834.142,158111.0,6633.0,0.04195154,0.004511427,0.05306225,0.100998859,0.219535812,0.02161551,0.066310998,0.083762797,0.127576304,0.067434096,0.05210032,0.074431567,0.149054758,13.0,
2010,XII De Magallanes y de la Antártica Chilena,4922774.374,158657.0,7301.0,0.046017509,,,,,,,,,,,,,13.0,
2011,XII De Magallanes y de la Antártica Chilena,5294437.864,159154.0,7114.0,0.044698845,,,,,,,,,,,,,13.0,
2012,XII De Magallanes y de la Antártica Chilena,5757294.301,159666.0,6306.0,0.039494946,,,,,,,,,,,,,13.0,
2013,XII De Magallanes y de la Antártica Chilena,6068759.93,160164.0,6185.0,0.038616668,,,,,,,,,,,,,13.0,
2014,XII De Magallanes y de la Antártica Chilena,6425301.837,160673.0,7137.0,0.044419411,,,,,,,,,,,,,13.0,
2015,XII De Magallanes y de la Antártica Chilena,7032284.199,,7841.0,,,,,,,,,,,,,,13.0,
2016,XII De Magallanes y de la Antártica Chilena,7333951.717945081,,,,,,,,,,,,,,,,,4.289751528926811
2017,XII De Magallanes y de la Antártica Chilena,7424618.829712523,,,,,,,,,,,,,,,,,1.2362654576194343
2018,XII De Magallanes y de la Antártica Chilena,7249373.5349025205,,,,,,,,,,,,,,,,,-2.3603271606171816
2019,XII De Magallanes y de la Antártica Chilena,7510287.818114448,,,,,,,,,,,,,,,,,3.5991286965106895
2020,XII De Magallanes y de la Antártica Chilena,6472270.107613947,,,,,,,,,,,,,,,,,-13.821277368316743
2021,XII De Magallanes y de la Antártica Chilena,6899735.125249677,,,,,,,,,,,,,,,,,6.604560850031005
2022,XII De Magallanes y de la Antártica Chilena,7289974.25845797,,,,,,,,,,,,,,,,,5.655856726734432
2023,XII De Magallanes y de la Antártica Chilena,7142048.041320663,,,,,,,,,,,,,,,,,-2.029173381040128
